walking_speed,stride_variability,freezing_index,balance_score,risk_level
0.4,0.7,0.796,0.43,high
1.35,0.07,0.058,0.7,low
0.58,0.24,0.171,0.5,moderate
1.0,0.071,0.33,0.69,borderline
0.77,0.48,0.403,0.52,moderate
0.39,0.303,0.206,0.72,moderate
1.09,0.063,0.091,0.52,borderline
0.94,0.436,0.64,0.52,high
1.34,0.03,0.148,0.87,low
0.89,0.445,0.376,0.57,moderate
1.37,0.204,0.107,0.83,low
0.84,0.321,0.37,0.68,moderate
0.96,0.313,0.286,0.71,moderate
1.34,0.082,0.024,0.92,low
1.34,0.089,0.312,0.92,low
0.99,0.104,0.127,0.74,low
1.24,0.069,0.0,0.81,low
1.17,0.197,0.037,0.97,low
0.3,0.347,0.822,0.68,high
0.47,0.508,0.357,0.25,high
1.16,0.03,0.053,0.98,low
1.01,0.628,0.365,0.42,high
0.46,0.7,0.842,0.26,high
1.06,0.103,0.229,0.59,borderline
0.7,0.421,0.738,0.2,high
1.04,0.052,0.22,0.86,low
0.72,0.313,0.195,0.68,moderate
0.79,0.176,0.103,0.85,borderline
1.5,0.19,0.0,1.0,low
1.37,0.115,0.19,0.69,low
1.32,0.23,0.0,1.0,low
1.21,0.039,0.318,0.93,borderline
0.95,0.119,0.0,0.82,low
0.99,0.226,0.25,0.73,borderline
0.92,0.211,0.273,0.75,borderline
1.5,0.03,0.229,0.79,low
0.35,0.26,0.696,0.52,high
0.62,0.382,0.263,0.74,moderate
1.14,0.3,0.143,0.54,borderline
1.35,0.03,0.028,0.91,low
1.4,0.143,0.036,1.0,low
0.63,0.512,0.477,0.3,high
1.18,0.153,0.032,0.91,low
1.22,0.208,0.059,0.8,low
0.78,0.281,0.199,0.44,moderate
0.66,0.256,0.363,0.65,borderline
1.03,0.03,0.132,1.0,low
1.16,0.116,0.133,0.97,borderline
1.36,0.111,0.23,0.77,low
0.58,0.354,0.9,0.57,high
0.51,0.387,0.382,0.29,moderate
1.38,0.116,0.113,0.84,low
0.6,0.533,0.194,0.48,moderate
1.15,0.03,0.072,0.79,low
0.83,0.139,0.194,0.81,borderline
0.42,0.512,0.48,0.2,high
0.72,0.273,0.349,0.65,moderate
0.3,0.64,0.508,0.51,high
0.53,0.228,0.657,0.4,moderate
1.32,0.138,0.174,1.0,low
0.82,0.298,0.159,0.65,moderate
1.5,0.058,0.09,0.77,low
0.61,0.513,0.769,0.22,high
1.1,0.138,0.057,0.67,borderline
0.73,0.605,0.493,0.47,high
0.42,0.424,0.885,0.42,high
0.96,0.234,0.166,0.85,borderline
0.78,0.261,0.174,0.73,moderate
1.07,0.085,0.043,0.83,low
0.83,0.296,0.428,0.58,moderate
0.5,0.275,0.12,0.57,moderate
1.25,0.178,0.159,0.75,low
0.97,0.368,0.565,0.77,moderate
1.28,0.18,0.295,0.69,borderline
1.26,0.159,0.148,0.74,low
1.36,0.03,0.073,0.83,low
0.69,0.613,0.559,0.32,high
1.24,0.105,0.05,0.72,low
1.2,0.141,0.027,0.82,low
0.61,0.497,0.787,0.51,high
1.02,0.03,0.0,1.0,low
1.1,0.185,0.369,0.78,borderline
0.89,0.286,0.589,0.43,moderate
0.6,0.207,0.334,0.57,moderate
0.71,0.449,0.395,0.21,high
0.73,0.327,0.219,0.5,moderate
0.51,0.379,0.737,0.58,high
1.26,0.137,0.049,0.73,low
1.23,0.179,0.168,0.76,low
0.3,0.412,0.455,0.56,high
0.83,0.441,0.51,0.75,moderate
0.74,0.602,0.416,0.41,high
1.06,0.03,0.022,0.99,low
1.15,0.085,0.0,0.88,low
0.35,0.427,0.823,0.49,high
0.44,0.485,0.743,0.47,high
1.48,0.121,0.139,0.97,low
0.89,0.322,0.211,0.46,moderate
0.82,0.298,0.575,0.68,moderate
0.5,0.531,0.87,0.41,high
1.2,0.294,0.274,0.77,borderline
0.77,0.085,0.182,0.72,borderline
1.04,0.146,0.038,0.95,low
0.65,0.306,0.213,0.44,moderate
1.18,0.115,0.099,0.94,low
1.18,0.077,0.135,0.74,borderline
1.36,0.229,0.109,0.74,low
0.99,0.082,0.071,0.76,low
1.32,0.079,0.168,1.0,low
1.3,0.03,0.038,0.92,low
1.2,0.139,0.199,0.96,low
0.89,0.379,0.491,0.6,moderate
1.0,0.03,0.117,0.45,borderline
0.42,0.387,0.713,0.4,high
1.0,0.03,0.184,1.0,low
1.34,0.073,0.016,0.96,low
0.83,0.318,0.433,0.61,moderate
0.94,0.238,0.197,0.69,borderline
1.42,0.252,0.145,0.85,low
0.3,0.313,0.714,0.46,high
0.58,0.596,0.825,0.32,high
0.9,0.208,0.208,0.67,borderline
0.93,0.347,0.565,0.59,moderate
0.98,0.038,0.026,0.71,low
1.34,0.098,0.0,0.81,low
0.85,0.409,0.54,0.6,moderate
1.28,0.171,0.077,1.0,low
1.17,0.117,0.268,0.64,borderline
0.98,0.264,0.619,0.5,moderate
1.15,0.074,0.066,0.88,low
0.71,0.299,0.608,0.6,high
0.77,0.651,0.778,0.32,high
0.97,0.188,0.097,1.0,low
1.41,0.313,0.006,0.69,low
1.08,0.164,0.306,0.74,borderline
1.01,0.187,0.258,0.58,moderate
0.31,0.7,0.69,0.64,high
0.74,0.589,0.87,0.3,high
0.47,0.664,0.515,0.62,high
0.53,0.36,0.16,0.43,moderate
0.98,0.432,0.397,0.46,moderate
1.05,0.208,0.0,0.83,low
0.3,0.378,0.641,0.46,high
0.88,0.22,0.158,0.6,borderline
0.98,0.345,0.357,0.63,moderate
1.27,0.218,0.078,0.9,low
1.34,0.144,0.093,0.88,low
0.65,0.378,0.636,0.59,moderate
1.2,0.03,0.099,0.93,low
1.36,0.03,0.0,0.91,low
0.45,0.525,0.609,0.21,high
1.25,0.219,0.305,0.74,borderline
1.44,0.079,0.079,0.88,low
1.07,0.34,0.302,0.56,moderate
1.17,0.076,0.182,1.0,low
1.42,0.066,0.078,0.72,low
1.16,0.184,0.052,0.9,low
0.59,0.337,0.873,0.37,high
0.93,0.136,0.0,0.92,low
0.48,0.599,0.496,0.36,high
1.1,0.036,0.11,0.79,low
1.21,0.218,0.405,0.6,borderline
1.37,0.087,0.03,0.98,low
0.94,0.375,0.371,0.52,moderate
0.66,0.402,0.489,0.24,high
1.05,0.181,0.358,0.61,moderate
0.31,0.333,0.899,0.4,high
0.72,0.245,0.39,0.71,moderate
0.91,0.191,0.119,0.76,low
0.83,0.619,0.811,0.33,high
0.89,0.468,0.559,0.63,moderate
1.33,0.218,0.021,1.0,low
0.52,0.563,0.777,0.35,high
0.42,0.7,0.479,0.41,high
1.36,0.065,0.0,0.83,low
0.91,0.24,0.492,0.4,moderate
1.47,0.186,0.134,0.98,low
1.04,0.443,0.482,0.4,moderate
0.96,0.195,0.237,0.42,borderline
0.34,0.455,0.602,0.41,high
1.13,0.314,0.419,0.28,moderate
1.11,0.18,0.087,0.83,low
0.73,0.646,0.416,0.22,high
0.65,0.321,0.491,0.58,moderate
0.64,0.159,0.103,0.76,borderline
0.95,0.203,0.0,0.95,low
0.37,0.435,0.72,0.2,high
0.57,0.367,0.777,0.23,high
0.72,0.276,0.589,0.55,moderate
0.6,0.362,0.425,0.62,moderate
1.22,0.047,0.03,0.95,low
1.28,0.222,0.159,1.0,low
0.63,0.435,0.555,0.75,moderate
1.5,0.041,0.069,0.83,low
1.29,0.039,0.0,0.89,low
1.23,0.064,0.011,1.0,low
0.47,0.295,0.48,0.56,moderate
1.05,0.141,0.172,0.78,borderline
1.33,0.15,0.133,0.92,low
1.05,0.41,0.447,0.37,moderate
0.8,0.573,0.744,0.53,high
1.43,0.099,0.063,1.0,low
1.45,0.061,0.037,0.76,low
1.01,0.049,0.078,0.93,low
1.05,0.171,0.219,0.97,low
1.17,0.139,0.205,0.95,low
0.68,0.511,0.276,0.52,moderate
0.67,0.247,0.433,0.53,moderate
1.03,0.242,0.176,0.9,borderline
1.06,0.133,0.058,0.91,low
0.72,0.665,0.634,0.35,high
1.06,0.03,0.004,0.97,low
1.22,0.111,0.041,0.88,low
1.16,0.03,0.087,0.88,low
0.97,0.065,0.227,0.87,low
0.62,0.682,0.647,0.24,high
0.75,0.252,0.52,0.37,moderate
1.12,0.086,0.038,0.96,low
1.02,0.192,0.023,1.0,low
1.08,0.364,0.528,0.75,moderate
1.05,0.174,0.34,0.64,borderline
1.21,0.066,0.063,0.92,low
1.37,0.124,0.15,0.81,low
1.02,0.279,0.279,0.46,moderate
0.99,0.557,0.707,0.25,high
0.67,0.405,0.745,0.44,high
1.26,0.15,0.151,0.85,low
1.3,0.16,0.0,0.86,low
0.64,0.517,0.481,0.4,high
1.07,0.086,0.134,0.81,low
0.49,0.464,0.658,0.59,high
1.09,0.302,0.008,0.9,low
0.46,0.435,0.416,0.65,high
0.5,0.436,0.276,0.53,moderate
0.5,0.561,0.861,0.4,high
1.15,0.051,0.244,0.97,low
1.01,0.166,0.35,0.87,borderline
1.08,0.216,0.245,0.78,borderline
0.75,0.36,0.342,0.35,moderate
1.29,0.057,0.106,0.71,low
1.34,0.096,0.187,0.6,low
0.92,0.461,0.485,0.65,moderate
1.47,0.111,0.0,0.89,low
0.9,0.268,0.137,0.55,borderline
0.66,0.309,0.341,0.67,moderate
1.15,0.076,0.141,0.97,low
1.11,0.154,0.173,0.81,borderline
0.72,0.594,0.467,0.6,high
1.02,0.297,0.34,0.64,borderline
0.5,0.37,0.595,0.57,moderate
1.08,0.262,0.238,0.87,borderline
1.32,0.232,0.129,0.99,low
1.01,0.247,0.379,0.65,moderate
1.3,0.136,0.0,0.79,low
0.94,0.475,0.319,0.46,moderate
0.87,0.206,0.129,0.79,borderline
1.37,0.152,0.181,1.0,low
1.25,0.055,0.0,0.97,low
0.71,0.485,0.458,0.37,high
0.51,0.241,0.345,0.65,moderate
1.08,0.145,0.057,0.79,low
0.74,0.479,0.677,0.41,high
1.36,0.123,0.134,0.82,low
0.61,0.379,0.591,0.68,moderate
1.11,0.143,0.226,0.69,borderline
0.98,0.278,0.595,0.56,moderate
1.42,0.03,0.093,0.79,low
1.5,0.201,0.014,0.9,low
1.23,0.03,0.15,0.82,low
0.9,0.289,0.154,0.88,borderline
0.71,0.485,0.558,0.5,moderate
0.76,0.56,0.555,0.2,high
1.23,0.119,0.087,0.97,low
0.67,0.573,0.634,0.2,high
0.61,0.373,0.857,0.23,high
0.74,0.362,0.856,0.34,high
1.1,0.087,0.244,0.98,low
1.13,0.186,0.0,0.66,low
0.62,0.418,0.537,0.53,moderate
1.01,0.037,0.205,0.84,low
0.57,0.586,0.492,0.42,high
0.82,0.532,0.494,0.6,moderate
1.25,0.03,0.114,0.77,low
0.69,0.259,0.551,0.7,moderate
0.7,0.223,0.251,0.58,moderate
1.07,0.193,0.095,1.0,low
0.82,0.03,0.022,0.92,low
0.7,0.5,0.803,0.26,high
0.91,0.03,0.092,0.82,low
1.27,0.191,0.0,0.88,low
0.93,0.435,0.034,0.68,moderate
1.04,0.425,0.262,0.79,moderate
0.77,0.261,0.456,0.5,moderate
0.55,0.634,0.441,0.62,high
1.28,0.159,0.076,0.75,low
1.4,0.146,0.116,0.88,low
1.2,0.03,0.043,0.87,low
0.57,0.588,0.596,0.39,high
0.75,0.458,0.616,0.5,high
0.95,0.03,0.0,0.79,low
1.07,0.115,0.162,0.96,low
1.36,0.18,0.062,0.88,low
0.3,0.653,0.79,0.4,high
1.1,0.157,0.169,0.51,moderate
1.3,0.105,0.11,0.96,low
0.66,0.509,0.499,0.49,high
0.72,0.237,0.395,0.39,moderate
0.79,0.42,0.545,0.44,moderate
0.95,0.249,0.259,0.58,borderline
1.18,0.184,0.076,0.97,low
1.12,0.134,0.211,0.66,borderline
0.43,0.637,0.532,0.44,high
0.73,0.327,0.404,0.4,moderate
0.73,0.164,0.396,0.48,borderline
0.84,0.16,0.215,0.6,borderline
1.07,0.211,0.067,0.91,low
0.94,0.423,0.317,0.75,moderate
0.72,0.386,0.229,0.88,moderate
0.69,0.594,0.587,0.42,high
0.89,0.316,0.356,0.7,moderate
1.5,0.217,0.0,0.95,low
0.75,0.605,0.781,0.34,high
1.4,0.203,0.023,0.99,low
1.18,0.105,0.111,0.85,low
1.09,0.225,0.265,0.9,borderline
1.45,0.126,0.0,1.0,low
0.65,0.564,0.693,0.53,high
1.25,0.117,0.01,0.8,low
0.35,0.52,0.86,0.44,high
1.2,0.13,0.151,0.6,low
1.36,0.112,0.0,0.8,low
1.32,0.112,0.027,0.96,low
0.87,0.486,0.261,0.57,moderate
1.3,0.137,0.162,0.7,low
1.19,0.058,0.0,0.83,low
0.74,0.698,0.511,0.27,high
1.05,0.25,0.007,0.69,low
1.34,0.111,0.148,0.76,low
1.0,0.419,0.315,0.46,moderate
0.76,0.522,0.494,0.3,high
0.84,0.324,0.436,0.51,moderate
1.16,0.125,0.0,0.72,low
0.45,0.512,0.759,0.38,high
0.94,0.229,0.334,0.67,borderline
1.2,0.03,0.011,0.89,low
0.51,0.533,0.628,0.43,high
0.97,0.11,0.198,0.79,low
0.31,0.473,0.837,0.48,high
0.93,0.187,0.274,0.5,moderate
1.09,0.069,0.088,0.74,borderline
1.3,0.182,0.014,1.0,low
1.2,0.03,0.033,0.94,low
0.51,0.199,0.307,0.45,moderate
0.44,0.587,0.442,0.44,high
1.26,0.196,0.0,0.96,low
0.94,0.213,0.0,1.0,low
0.67,0.591,0.756,0.37,high
0.5,0.489,0.721,0.41,high
0.98,0.303,0.401,0.6,moderate
0.95,0.353,0.379,0.62,moderate
0.97,0.136,0.117,0.74,low
1.13,0.03,0.099,0.92,low
1.3,0.072,0.07,0.83,low
1.31,0.176,0.099,0.96,low
1.04,0.073,0.097,0.87,low
1.39,0.192,0.186,0.7,low
0.78,0.7,0.544,0.36,high
1.15,0.085,0.137,0.81,low
0.53,0.443,0.123,0.59,moderate
1.25,0.1,0.128,0.96,low
0.51,0.277,0.435,0.62,moderate
0.55,0.44,0.511,0.31,high
1.46,0.03,0.0,1.0,low
0.38,0.418,0.59,0.56,high
0.95,0.375,0.503,0.56,moderate
0.77,0.322,0.266,0.57,moderate
1.33,0.06,0.0,0.67,low
0.55,0.353,0.797,0.22,high
0.76,0.562,0.801,0.37,high
0.45,0.223,0.346,0.55,moderate
0.59,0.255,0.563,0.52,moderate
0.97,0.206,0.0,0.6,borderline
1.21,0.113,0.0,0.91,low
0.6,0.607,0.9,0.25,high
0.81,0.33,0.488,0.64,moderate
1.5,0.084,0.0,0.84,low
1.5,0.038,0.172,0.86,low
0.67,0.289,0.304,0.72,moderate
1.19,0.03,0.0,0.97,low
1.03,0.197,0.545,0.57,moderate
0.63,0.7,0.499,0.32,high
0.73,0.445,0.455,0.2,high
1.25,0.242,0.0,0.8,low
1.03,0.077,0.058,0.72,low
1.12,0.194,0.0,0.82,low
0.95,0.287,0.414,0.67,borderline
0.74,0.194,0.51,0.34,moderate
0.36,0.622,0.68,0.69,high
0.96,0.137,0.037,1.0,low
1.27,0.098,0.0,0.98,low
0.9,0.112,0.228,0.8,borderline
1.5,0.17,0.167,0.93,low
1.07,0.177,0.254,0.67,borderline
1.5,0.03,0.007,0.72,low
1.24,0.11,0.031,0.83,low
1.15,0.074,0.247,0.64,borderline
0.66,0.329,0.863,0.33,high
1.44,0.03,0.107,0.77,low
0.92,0.328,0.107,0.65,borderline
1.07,0.229,0.5,0.56,moderate
1.11,0.169,0.112,0.99,low
1.27,0.132,0.081,0.95,low
0.69,0.354,0.723,0.2,high
1.06,0.192,0.342,0.63,borderline
1.3,0.094,0.098,0.82,low
0.99,0.221,0.253,0.62,moderate
0.94,0.03,0.152,0.75,low
1.41,0.03,0.219,1.0,low
1.26,0.033,0.265,0.95,low
0.7,0.578,0.565,0.34,high
1.5,0.117,0.231,0.91,low
1.0,0.079,0.169,0.91,low
0.7,0.271,0.419,0.53,moderate
1.5,0.03,0.002,0.95,low
0.68,0.527,0.172,0.71,moderate
0.45,0.325,0.635,0.47,high
0.89,0.404,0.333,0.47,moderate
0.69,0.248,0.359,0.5,moderate
1.06,0.095,0.061,0.73,borderline
0.99,0.448,0.234,0.59,moderate
1.33,0.221,0.0,0.85,low
1.01,0.317,0.474,0.72,moderate
0.74,0.28,0.472,0.41,moderate
1.41,0.204,0.195,1.0,low
0.49,0.22,0.558,0.3,high
0.63,0.474,0.658,0.24,high
0.84,0.188,0.43,0.58,moderate
0.98,0.152,0.2,0.77,borderline
1.34,0.121,0.048,0.79,low
0.85,0.209,0.349,0.68,moderate
1.48,0.131,0.236,0.9,low
1.5,0.116,0.06,0.75,low
0.67,0.315,0.438,0.51,moderate
1.38,0.103,0.0,0.96,low
1.17,0.133,0.39,0.49,moderate
1.5,0.102,0.133,1.0,low
1.02,0.124,0.331,0.76,borderline
0.73,0.368,0.206,0.67,moderate
1.23,0.148,0.0,0.97,low
0.69,0.479,0.666,0.44,moderate
1.38,0.153,0.0,0.91,low
0.94,0.327,0.26,0.53,moderate
0.89,0.03,0.171,0.79,low
0.64,0.273,0.34,0.76,moderate
0.67,0.626,0.536,0.39,high
0.42,0.441,0.608,0.44,high
1.47,0.099,0.021,0.88,low
0.77,0.394,0.845,0.59,high
0.84,0.42,0.289,0.69,moderate
1.16,0.148,0.057,0.8,low
1.3,0.153,0.057,0.78,low
1.42,0.051,0.183,0.83,low
1.44,0.121,0.011,0.61,low
0.98,0.149,0.25,0.88,borderline
1.08,0.03,0.01,0.96,low
1.04,0.146,0.0,0.98,low
1.23,0.049,0.013,0.75,low
1.01,0.188,0.244,0.66,borderline
1.24,0.116,0.105,0.88,low
0.88,0.245,0.155,0.93,borderline
1.5,0.25,0.0,0.86,low
1.38,0.127,0.132,1.0,low
1.07,0.181,0.115,0.55,borderline
0.63,0.234,0.275,0.68,moderate
0.62,0.527,0.868,0.51,high
1.34,0.132,0.046,0.97,low
1.26,0.133,0.035,0.93,low
0.97,0.143,0.0,1.0,low
1.21,0.094,0.18,0.99,low
0.86,0.292,0.554,0.51,moderate
0.57,0.586,0.557,0.43,high
0.85,0.252,0.263,0.61,moderate
1.22,0.126,0.077,0.7,low
1.01,0.03,0.03,0.74,low
0.79,0.188,0.213,0.59,moderate
0.83,0.384,0.266,0.44,moderate
1.02,0.171,0.0,0.82,low
1.42,0.135,0.061,1.0,low
1.18,0.251,0.093,0.8,borderline
1.4,0.14,0.151,0.98,low
0.97,0.432,0.314,0.75,moderate
1.08,0.03,0.089,0.86,low
0.64,0.29,0.802,0.46,high
0.98,0.114,0.0,0.88,low
1.39,0.156,0.245,0.78,low
1.34,0.035,0.009,1.0,low
0.78,0.39,0.605,0.72,moderate
0.99,0.031,0.0,0.77,low
0.66,0.147,0.775,0.43,high
1.35,0.048,0.143,0.82,low
0.65,0.425,0.43,0.51,high
1.31,0.128,0.149,1.0,low
1.02,0.234,0.227,0.76,borderline
0.53,0.424,0.348,0.6,moderate
0.68,0.565,0.891,0.44,high
0.57,0.607,0.837,0.28,high
0.68,0.184,0.497,0.47,moderate
1.12,0.232,0.131,0.83,low
0.54,0.372,0.547,0.3,high
0.95,0.446,0.643,0.66,moderate
1.5,0.181,0.0,0.75,low
1.3,0.239,0.014,1.0,low
1.27,0.03,0.0,0.86,low
0.66,0.409,0.501,0.52,moderate
0.55,0.576,0.858,0.32,high
0.8,0.55,0.548,0.54,high
0.95,0.213,0.297,0.79,borderline
1.42,0.13,0.11,0.84,low
0.84,0.356,0.422,0.8,moderate
0.9,0.235,0.128,0.73,borderline
0.56,0.504,0.584,0.51,high
1.18,0.03,0.101,0.74,low
0.6,0.364,0.857,0.21,high
1.5,0.196,0.0,0.95,low
1.23,0.111,0.096,0.97,low
1.44,0.199,0.034,0.74,low
1.31,0.109,0.0,1.0,low
1.29,0.223,0.0,0.83,low
1.34,0.223,0.164,0.67,borderline
0.82,0.409,0.388,0.33,moderate
1.13,0.206,0.299,0.56,borderline
0.54,0.568,0.59,0.56,high
1.47,0.165,0.017,0.87,low
0.92,0.03,0.046,0.88,low
1.06,0.23,0.21,0.57,borderline
0.49,0.564,0.675,0.33,high
1.11,0.117,0.277,0.55,moderate
0.74,0.135,0.308,0.78,borderline
1.44,0.282,0.058,0.87,low
0.68,0.368,0.4,0.25,high
1.36,0.106,0.008,0.8,low
0.48,0.207,0.577,0.65,moderate
0.98,0.145,0.112,0.84,borderline
0.78,0.308,0.203,0.62,moderate
0.95,0.206,0.294,0.47,moderate
1.07,0.119,0.34,0.77,borderline
1.44,0.03,0.109,0.94,low
0.47,0.409,0.386,0.44,high
0.31,0.318,0.877,0.38,high
0.67,0.256,0.9,0.27,high
0.88,0.162,0.121,0.95,low
1.24,0.069,0.158,0.66,low
1.5,0.188,0.102,0.98,low
0.76,0.231,0.095,0.71,borderline
1.21,0.191,0.127,0.87,low
0.74,0.314,0.416,0.55,moderate
0.41,0.484,0.424,0.65,high
0.61,0.481,0.85,0.42,high
1.13,0.081,0.016,0.71,low
0.7,0.485,0.465,0.46,high
1.39,0.12,0.008,0.72,low
0.47,0.486,0.819,0.53,high
1.28,0.173,0.072,0.63,borderline
1.22,0.052,0.108,0.93,low
1.41,0.076,0.017,0.92,low
0.99,0.217,0.298,0.76,moderate
0.47,0.562,0.691,0.2,high
1.42,0.09,0.153,0.76,borderline
1.04,0.158,0.143,0.83,borderline
1.34,0.03,0.053,0.92,low
0.94,0.462,0.458,0.42,moderate
0.78,0.421,0.252,0.47,moderate
0.59,0.268,0.494,0.61,moderate
0.82,0.212,0.36,0.68,moderate
1.22,0.03,0.118,1.0,low
0.77,0.176,0.122,0.69,borderline
1.15,0.198,0.079,0.76,low
0.71,0.321,0.294,0.67,moderate
0.63,0.589,0.406,0.44,high
0.36,0.547,0.554,0.2,high
0.88,0.187,0.311,0.66,moderate
0.68,0.615,0.9,0.47,high
0.77,0.417,0.324,0.61,moderate
0.88,0.03,0.011,0.85,low
1.06,0.113,0.295,0.63,borderline
1.25,0.226,0.17,0.99,low
0.76,0.308,0.522,0.78,moderate
0.63,0.507,0.428,0.51,high
0.95,0.128,0.129,0.83,low
1.31,0.077,0.028,0.79,low
0.61,0.35,0.834,0.39,high
0.99,0.229,0.166,0.79,low
0.56,0.595,0.855,0.46,high
0.77,0.175,0.498,0.68,moderate
0.3,0.525,0.516,0.49,high
1.0,0.03,0.011,1.0,low
1.0,0.324,0.442,0.77,moderate
0.38,0.587,0.691,0.2,high
0.9,0.246,0.201,0.6,borderline
0.93,0.064,0.183,0.81,borderline
1.11,0.247,0.305,0.68,borderline
1.25,0.173,0.033,0.95,low
1.18,0.062,0.047,1.0,low
0.9,0.342,0.154,0.52,moderate
0.6,0.163,0.338,0.37,moderate
0.86,0.408,0.179,0.51,moderate
0.9,0.286,0.21,0.54,moderate
0.85,0.294,0.269,0.56,moderate
1.22,0.103,0.047,0.83,low
0.63,0.48,0.423,0.36,high
0.99,0.113,0.199,0.83,borderline
1.19,0.22,0.19,0.8,low
0.94,0.324,0.214,0.66,borderline
0.74,0.539,0.41,0.6,moderate
0.65,0.537,0.629,0.37,high
0.58,0.387,0.591,0.46,moderate
1.06,0.27,0.0,0.81,borderline
1.07,0.238,0.511,0.74,moderate
0.9,0.134,0.142,0.68,borderline
1.07,0.204,0.294,0.74,borderline
0.76,0.449,0.678,0.27,high
0.74,0.286,0.439,0.41,moderate
1.28,0.17,0.128,0.91,low
1.19,0.274,0.023,0.81,low
0.52,0.443,0.656,0.2,high
0.75,0.474,0.484,0.62,moderate
1.02,0.224,0.428,0.68,moderate
0.77,0.29,0.148,0.54,borderline
1.29,0.071,0.051,0.97,low
0.67,0.33,0.293,0.66,moderate
0.86,0.094,0.075,0.9,low
0.48,0.454,0.554,0.36,high
1.37,0.107,0.116,0.81,low
0.97,0.392,0.521,0.38,moderate
1.23,0.083,0.069,0.83,low
1.27,0.077,0.147,0.82,low
0.46,0.54,0.461,0.24,high
0.74,0.493,0.833,0.41,high
1.15,0.03,0.081,1.0,low
0.57,0.293,0.35,0.39,moderate
0.73,0.1,0.449,0.82,moderate
1.2,0.222,0.0,0.78,low
1.31,0.03,0.016,0.67,low
0.42,0.486,0.443,0.2,high
0.75,0.697,0.484,0.24,high
0.37,0.5,0.473,0.43,high
1.41,0.03,0.056,0.96,low
1.4,0.03,0.0,1.0,low
0.85,0.388,0.511,0.54,moderate
0.83,0.225,0.399,0.71,moderate
0.61,0.415,0.595,0.27,high
0.61,0.356,0.483,0.59,moderate
0.73,0.285,0.265,0.37,moderate
0.86,0.406,0.353,0.65,moderate
0.89,0.432,0.483,0.7,moderate
1.42,0.21,0.042,1.0,low
0.75,0.256,0.198,0.69,moderate
0.42,0.276,0.67,0.29,high
1.41,0.128,0.011,1.0,low
1.04,0.136,0.079,1.0,low
1.1,0.159,0.0,0.87,low
1.0,0.287,0.293,0.66,borderline
1.06,0.082,0.131,0.87,borderline
0.85,0.082,0.047,0.8,low
0.79,0.175,0.047,0.69,borderline
0.66,0.35,0.9,0.56,high
1.21,0.03,0.0,0.92,low
0.39,0.329,0.554,0.56,high
1.1,0.048,0.033,1.0,low
1.03,0.03,0.139,0.74,low
1.5,0.12,0.078,0.82,low
0.93,0.403,0.373,0.44,moderate
1.03,0.272,0.3,0.7,borderline
1.15,0.186,0.176,0.69,borderline
1.03,0.046,0.146,0.77,low
1.13,0.17,0.168,1.0,low
0.81,0.322,0.396,0.81,moderate
1.19,0.043,0.053,0.94,low
1.02,0.146,0.139,0.78,borderline
0.53,0.604,0.441,0.46,high
0.65,0.489,0.329,0.75,moderate
0.64,0.289,0.321,0.58,moderate
1.23,0.059,0.032,0.86,low
0.6,0.62,0.631,0.55,high
0.78,0.392,0.702,0.44,high
0.36,0.588,0.628,0.43,high
0.82,0.246,0.117,0.48,moderate
0.98,0.402,0.56,0.59,moderate
0.74,0.323,0.16,0.63,moderate
0.33,0.319,0.862,0.6,high
1.28,0.145,0.108,0.83,low
1.16,0.133,0.153,0.74,low
1.13,0.171,0.128,0.79,low
0.97,0.302,0.246,0.65,borderline
0.92,0.252,0.443,0.61,moderate
0.5,0.547,0.44,0.46,high
1.32,0.086,0.0,0.8,low
0.62,0.263,0.561,0.59,moderate
1.44,0.098,0.094,0.91,low
1.32,0.171,0.035,1.0,low
0.49,0.397,0.675,0.62,high
0.84,0.286,0.892,0.23,high
0.99,0.181,0.023,1.0,low
0.62,0.34,0.833,0.47,high
1.5,0.203,0.0,1.0,low
0.93,0.408,0.548,0.57,moderate
1.5,0.176,0.134,0.91,low
1.12,0.03,0.0,0.8,low
0.94,0.147,0.046,0.7,low
1.05,0.223,0.042,0.77,low
1.04,0.209,0.237,0.79,borderline
0.71,0.278,0.353,0.47,moderate
1.13,0.279,0.209,0.75,borderline
1.5,0.064,0.0,0.83,low
1.1,0.038,0.144,0.87,low
1.47,0.106,0.202,0.77,low
1.01,0.231,0.478,0.58,moderate
1.4,0.116,0.116,1.0,low
1.45,0.03,0.125,0.76,low
0.72,0.441,0.568,0.67,moderate
1.5,0.235,0.108,0.78,low
0.75,0.453,0.227,0.61,moderate
1.3,0.193,0.032,0.82,low
0.65,0.44,0.349,0.54,moderate
0.93,0.519,0.582,0.63,moderate
1.5,0.03,0.143,0.87,low
1.27,0.093,0.118,0.8,low
0.96,0.216,0.157,0.74,borderline
1.19,0.154,0.0,0.9,low
1.16,0.288,0.247,0.73,borderline
1.09,0.072,0.0,0.85,low
0.95,0.2,0.205,0.73,borderline
1.34,0.133,0.075,0.8,low
1.24,0.079,0.125,0.96,low
0.83,0.284,0.223,0.37,moderate
1.09,0.03,0.125,0.99,low
0.69,0.398,0.529,0.57,moderate
0.78,0.247,0.366,0.53,moderate
1.4,0.135,0.056,0.93,low
1.44,0.03,0.168,0.89,low
1.08,0.03,0.113,1.0,low
0.93,0.538,0.332,0.66,moderate
1.09,0.149,0.008,0.94,low
1.37,0.181,0.096,0.8,low
1.43,0.122,0.077,0.89,low
1.06,0.21,0.075,1.0,low
1.02,0.122,0.0,0.92,low
1.5,0.108,0.135,0.81,low
0.73,0.344,0.479,0.59,moderate
0.97,0.197,0.428,0.6,moderate
0.75,0.369,0.559,0.58,moderate
0.78,0.502,0.569,0.62,moderate
0.69,0.302,0.727,0.2,high
1.13,0.155,0.121,1.0,low
0.3,0.7,0.427,0.46,high
1.06,0.114,0.171,0.75,low
1.32,0.304,0.116,0.57,borderline
0.55,0.627,0.801,0.28,high
1.04,0.131,0.145,0.61,borderline
0.92,0.372,0.413,0.49,moderate
0.56,0.674,0.9,0.52,high
1.43,0.087,0.0,1.0,low
1.15,0.209,0.081,0.97,low
0.56,0.399,0.291,0.73,moderate
0.78,0.554,0.494,0.24,high
1.16,0.105,0.355,0.64,borderline
0.57,0.591,0.673,0.31,high
0.76,0.373,0.365,0.65,moderate
0.9,0.186,0.184,0.85,low
0.87,0.272,0.3,0.48,moderate
1.25,0.123,0.067,1.0,low
0.75,0.408,0.267,0.46,moderate
0.98,0.254,0.167,0.88,borderline
0.69,0.566,0.544,0.47,moderate
1.21,0.083,0.0,0.84,low
1.37,0.03,0.025,1.0,low
0.73,0.673,0.701,0.29,high
0.97,0.345,0.337,0.54,moderate
0.86,0.174,0.04,1.0,low
1.26,0.11,0.133,0.84,low
1.18,0.09,0.126,0.85,low
1.17,0.066,0.157,0.9,low
1.47,0.085,0.151,0.9,low
0.84,0.317,0.344,0.71,borderline
1.41,0.108,0.144,1.0,low
0.74,0.241,0.313,0.59,moderate
1.46,0.167,0.251,0.69,low
0.93,0.249,0.243,0.73,borderline
0.96,0.392,0.363,0.45,moderate
0.96,0.203,0.34,0.69,borderline
0.66,0.461,0.324,0.52,moderate
0.3,0.66,0.363,0.2,high
0.78,0.254,0.165,0.86,borderline
0.91,0.277,0.46,0.69,borderline
1.36,0.158,0.058,0.71,low
1.01,0.252,0.128,0.8,borderline
1.5,0.093,0.19,0.92,low
0.73,0.264,0.381,0.65,moderate
0.73,0.295,0.352,0.75,moderate
1.36,0.186,0.0,0.81,low
0.88,0.038,0.092,0.84,low
0.5,0.518,0.135,0.65,moderate
0.95,0.238,0.0,1.0,low
1.02,0.209,0.034,1.0,low
0.4,0.593,0.83,0.52,high
1.09,0.158,0.16,0.76,borderline
0.97,0.099,0.225,0.88,low
0.4,0.584,0.63,0.49,high
0.98,0.104,0.0,0.99,low
0.9,0.202,0.158,0.9,borderline
0.7,0.527,0.542,0.43,high
0.97,0.217,0.142,0.91,low
1.06,0.456,0.121,0.76,moderate
1.23,0.098,0.152,1.0,low
0.81,0.526,0.677,0.23,high
0.78,0.183,0.464,0.56,moderate
0.74,0.533,0.804,0.46,high
0.65,0.305,0.434,0.57,moderate
1.08,0.371,0.5,0.68,moderate
0.79,0.276,0.289,0.78,moderate
0.47,0.528,0.431,0.32,high
1.38,0.142,0.095,0.83,low
0.57,0.654,0.566,0.2,high
1.02,0.2,0.312,0.79,borderline
1.22,0.133,0.281,0.66,borderline
1.5,0.064,0.074,0.98,low
0.65,0.367,0.552,0.35,high
0.71,0.325,0.396,0.48,moderate
1.26,0.077,0.114,0.91,low
1.2,0.253,0.296,0.9,borderline
0.99,0.221,0.552,0.45,moderate
1.48,0.252,0.032,0.94,low
1.41,0.03,0.007,0.93,low
1.4,0.132,0.057,0.89,low
1.13,0.168,0.358,0.8,borderline
1.2,0.278,0.157,0.74,borderline
1.07,0.096,0.115,0.83,low
0.66,0.233,0.221,0.66,moderate
1.5,0.076,0.0,0.83,low
0.97,0.251,0.164,0.72,borderline
1.1,0.201,0.236,0.69,borderline
0.81,0.273,0.293,0.7,borderline
0.68,0.589,0.432,0.49,high
0.97,0.13,0.175,0.62,borderline
0.69,0.122,0.242,0.66,borderline
1.35,0.082,0.113,0.84,low
1.0,0.207,0.181,0.98,low
0.54,0.397,0.826,0.56,high
1.03,0.326,0.325,0.61,moderate
1.07,0.03,0.0,0.93,low
0.97,0.26,0.32,0.84,borderline
1.15,0.195,0.376,0.67,borderline
1.45,0.106,0.22,0.66,borderline
1.12,0.07,0.053,0.89,low
1.17,0.141,0.0,0.73,low
0.63,0.199,0.415,0.59,moderate
0.92,0.393,0.521,0.2,high
1.1,0.116,0.154,0.97,low
1.5,0.072,0.064,0.8,low
0.3,0.529,0.727,0.22,high
0.92,0.03,0.105,0.69,borderline
1.5,0.117,0.138,0.86,low
1.44,0.121,0.033,1.0,low
1.11,0.116,0.441,0.65,borderline
0.51,0.221,0.334,0.64,moderate
1.09,0.081,0.003,0.85,low
1.1,0.03,0.101,0.74,low
0.75,0.55,0.673,0.35,high
1.5,0.03,0.0,0.86,low
0.42,0.374,0.701,0.53,high
1.5,0.03,0.058,0.73,low
1.02,0.353,0.367,0.58,moderate
0.44,0.613,0.716,0.34,high
1.14,0.377,0.341,0.74,moderate
1.32,0.103,0.0,0.75,low
1.32,0.12,0.066,0.81,low
0.99,0.115,0.033,0.81,low
1.25,0.212,0.115,0.96,low
1.08,0.165,0.028,0.85,low
0.56,0.148,0.539,0.59,moderate
0.48,0.571,0.9,0.27,high
0.86,0.487,0.288,0.26,moderate
0.46,0.626,0.567,0.46,high
0.91,0.24,0.159,0.64,borderline
0.99,0.221,0.188,0.77,borderline
0.7,0.662,0.457,0.2,high
0.97,0.236,0.365,0.66,borderline
1.0,0.447,0.356,0.67,moderate
1.23,0.071,0.075,1.0,low
0.96,0.21,0.192,0.69,low
0.77,0.297,0.391,0.49,moderate
0.83,0.181,0.591,0.53,moderate
1.17,0.119,0.294,0.75,borderline
1.4,0.076,0.157,0.98,low
1.13,0.265,0.0,0.88,low
0.73,0.267,0.283,0.58,moderate
1.34,0.143,0.233,0.98,low
0.96,0.445,0.318,0.51,moderate
1.28,0.038,0.154,1.0,low
1.0,0.178,0.087,1.0,low
0.93,0.172,0.22,0.8,borderline
0.93,0.35,0.527,0.67,moderate
0.46,0.368,0.619,0.43,high
1.15,0.08,0.084,1.0,low
0.84,0.191,0.0,0.8,low
0.34,0.484,0.655,0.43,high
0.65,0.614,0.454,0.24,high
1.43,0.111,0.041,0.69,low
0.94,0.175,0.321,0.67,borderline
0.69,0.469,0.292,0.58,moderate
1.04,0.191,0.0,0.86,borderline
0.52,0.563,0.745,0.2,high
0.76,0.373,0.532,0.67,moderate
0.86,0.139,0.232,0.67,moderate
1.17,0.092,0.012,0.87,low
0.96,0.03,0.147,0.83,low
1.43,0.032,0.102,1.0,low
0.87,0.146,0.417,0.47,moderate
0.84,0.26,0.268,0.61,moderate
0.32,0.525,0.633,0.32,high
0.65,0.618,0.812,0.48,high
0.82,0.222,0.225,0.4,moderate
1.27,0.06,0.212,0.7,low
0.95,0.264,0.081,0.73,borderline
1.22,0.153,0.042,0.64,low
0.46,0.339,0.888,0.24,high
1.12,0.154,0.012,0.7,low
0.81,0.252,0.249,0.6,borderline
1.17,0.136,0.264,0.79,borderline
0.61,0.482,0.566,0.26,high
1.1,0.288,0.425,0.49,moderate
1.13,0.492,0.369,0.58,moderate
0.84,0.118,0.327,0.53,moderate
0.76,0.633,0.874,0.2,high
1.24,0.137,0.016,0.75,low
1.05,0.068,0.097,0.81,low
1.25,0.03,0.063,0.81,low
0.86,0.303,0.48,0.43,moderate
1.06,0.03,0.258,0.7,low
1.02,0.222,0.255,0.51,moderate
0.3,0.7,0.567,0.2,high
0.83,0.43,0.266,0.5,moderate
1.0,0.155,0.233,0.74,borderline
0.93,0.194,0.243,0.68,moderate
1.2,0.211,0.29,0.65,borderline
0.77,0.581,0.9,0.24,high
0.41,0.456,0.577,0.42,high
0.54,0.357,0.641,0.38,high
0.86,0.185,0.339,0.78,borderline
0.7,0.656,0.827,0.32,high
1.04,0.228,0.394,0.44,moderate
0.98,0.071,0.026,0.95,low
0.7,0.456,0.336,0.61,moderate
1.31,0.03,0.0,0.95,low
0.69,0.546,0.819,0.47,high
0.78,0.14,0.296,0.82,moderate
0.3,0.318,0.573,0.24,high
1.09,0.142,0.044,0.98,low
1.13,0.125,0.0,0.93,low
0.42,0.674,0.771,0.45,high
1.5,0.03,0.107,0.86,low
1.27,0.187,0.038,0.81,low
1.12,0.099,0.124,0.57,borderline
1.5,0.171,0.033,0.84,low
0.79,0.192,0.308,0.53,moderate
0.72,0.241,0.621,0.54,moderate
1.03,0.416,0.117,0.83,borderline
1.43,0.061,0.016,0.91,low
1.46,0.214,0.104,0.83,low
1.03,0.22,0.378,0.69,borderline
0.94,0.392,0.134,0.6,borderline
0.57,0.7,0.798,0.6,high
1.42,0.153,0.085,0.7,low
0.89,0.182,0.138,0.86,borderline
0.5,0.357,0.311,0.28,high
1.5,0.198,0.213,0.94,low
1.17,0.283,0.012,0.66,low
0.82,0.29,0.4,0.36,moderate
0.49,0.309,0.613,0.39,high
1.03,0.411,0.44,0.55,moderate
0.96,0.138,0.128,1.0,low
1.29,0.104,0.0,0.77,low
0.53,0.402,0.594,0.35,high
1.3,0.207,0.009,0.91,low
1.25,0.118,0.0,0.85,low
1.09,0.051,0.0,0.96,low
0.89,0.05,0.129,0.72,low
0.49,0.431,0.352,0.64,high
0.98,0.13,0.237,0.56,borderline
1.23,0.143,0.014,0.77,low
1.1,0.041,0.211,0.96,low
0.54,0.247,0.33,0.6,high
1.32,0.03,0.09,1.0,low
0.71,0.52,0.448,0.75,moderate
0.81,0.64,0.795,0.56,high
1.31,0.081,0.121,0.72,low
0.44,0.464,0.5,0.45,high
1.05,0.102,0.009,0.91,low
1.04,0.263,0.125,0.68,borderline
0.86,0.229,0.046,0.85,low
1.39,0.065,0.098,0.77,low
1.27,0.03,0.101,0.91,low
0.85,0.118,0.229,0.69,borderline
1.07,0.139,0.085,0.62,borderline
1.35,0.209,0.043,0.72,low
1.24,0.221,0.243,1.0,low
0.74,0.608,0.631,0.44,high
0.75,0.341,0.523,0.43,moderate
0.46,0.466,0.854,0.26,high
1.15,0.223,0.097,0.65,borderline
1.02,0.03,0.035,0.99,low
0.99,0.376,0.319,0.57,moderate
0.9,0.22,0.304,0.47,moderate
1.03,0.25,0.058,0.8,low
1.27,0.156,0.15,0.89,low
1.0,0.03,0.013,0.9,low
1.44,0.076,0.185,0.99,low
0.99,0.215,0.639,0.54,moderate
1.32,0.078,0.065,1.0,low
1.11,0.081,0.07,0.79,low
0.93,0.225,0.002,0.89,low
1.26,0.067,0.039,0.94,low
1.22,0.18,0.082,0.81,low
1.08,0.129,0.243,0.64,borderline
0.74,0.464,0.388,0.47,moderate
0.57,0.21,0.443,0.4,moderate
0.39,0.324,0.553,0.6,high
1.01,0.153,0.222,0.7,borderline
0.76,0.398,0.469,0.5,moderate
0.89,0.318,0.393,0.59,high
0.75,0.364,0.584,0.5,high
1.13,0.163,0.0,0.74,low
0.73,0.485,0.623,0.47,moderate
1.38,0.03,0.0,0.94,low
1.25,0.312,0.055,0.81,low
0.73,0.256,0.459,0.57,moderate
1.12,0.312,0.025,0.98,low
0.91,0.045,0.11,0.8,low
0.84,0.697,0.769,0.57,high
1.25,0.039,0.122,1.0,low
0.4,0.352,0.301,0.65,moderate
1.18,0.104,0.402,0.62,borderline
1.06,0.142,0.126,0.98,low
1.03,0.307,0.48,0.33,moderate
0.81,0.448,0.568,0.61,moderate
0.98,0.242,0.218,0.65,moderate
1.46,0.231,0.098,1.0,low
1.01,0.095,0.044,0.9,low
1.28,0.03,0.156,0.93,low
1.38,0.084,0.138,0.99,low
1.19,0.133,0.317,0.8,borderline
1.13,0.252,0.256,0.74,moderate
1.44,0.107,0.304,0.77,low
0.73,0.238,0.468,0.26,high
0.66,0.52,0.825,0.55,high
0.57,0.528,0.466,0.6,high
0.84,0.666,0.782,0.36,high
0.46,0.339,0.516,0.55,moderate
0.57,0.385,0.491,0.38,moderate
0.94,0.03,0.071,0.96,low
0.47,0.531,0.808,0.43,high
0.36,0.7,0.9,0.24,high
1.01,0.16,0.225,0.51,borderline
0.84,0.252,0.161,0.49,borderline
1.0,0.457,0.226,0.62,moderate
0.79,0.354,0.236,0.54,moderate
0.7,0.7,0.681,0.31,high
1.29,0.038,0.11,0.72,low
1.39,0.102,0.0,0.94,low
1.09,0.093,0.02,0.89,low
1.33,0.042,0.114,0.97,low
0.61,0.51,0.442,0.6,moderate
0.98,0.099,0.001,0.97,low
0.64,0.528,0.564,0.52,high
1.42,0.071,0.0,0.84,low
1.13,0.145,0.0,0.86,low
1.27,0.03,0.0,0.98,low
1.4,0.17,0.0,0.96,low
1.34,0.195,0.061,0.92,low
1.25,0.041,0.0,0.76,low
0.88,0.155,0.198,0.8,borderline
1.09,0.171,0.166,0.83,borderline
1.29,0.169,0.043,0.51,low
1.5,0.03,0.073,1.0,low
0.52,0.615,0.515,0.48,high
1.2,0.225,0.019,1.0,low
1.18,0.172,0.154,0.9,low
1.12,0.117,0.217,0.65,borderline
1.12,0.137,0.0,0.9,low
1.35,0.087,0.079,0.85,low
0.72,0.612,0.744,0.29,high
0.68,0.25,0.4,0.66,moderate
1.48,0.091,0.137,0.79,low
0.57,0.425,0.294,0.49,moderate
0.46,0.236,0.465,0.47,moderate
0.56,0.7,0.706,0.27,high
1.36,0.041,0.143,0.99,low
1.48,0.121,0.107,0.85,low
1.02,0.055,0.079,0.87,low
0.62,0.374,0.373,0.37,moderate
1.34,0.154,0.0,1.0,low
0.48,0.667,0.606,0.37,high
1.29,0.139,0.051,0.61,low
0.95,0.413,0.49,0.56,moderate
0.96,0.277,0.249,0.77,borderline
0.79,0.313,0.724,0.7,moderate
1.21,0.124,0.016,0.97,low
1.04,0.211,0.213,0.56,moderate
1.22,0.03,0.0,0.79,low
1.02,0.09,0.096,0.74,low
1.36,0.03,0.0,0.83,low
1.01,0.196,0.399,0.68,moderate
0.92,0.103,0.122,0.79,low
0.86,0.245,0.216,0.48,moderate
1.14,0.273,0.159,0.76,moderate
1.06,0.189,0.127,0.58,borderline
0.77,0.452,0.402,0.75,moderate
1.5,0.091,0.125,0.78,low
1.21,0.03,0.149,1.0,low
1.08,0.158,0.122,0.82,low
0.94,0.108,0.016,0.87,low
1.2,0.092,0.0,0.75,low
0.93,0.073,0.228,0.96,low
1.16,0.162,0.047,0.89,low
0.81,0.522,0.845,0.33,high
0.94,0.371,0.552,0.41,moderate
1.23,0.086,0.039,1.0,low
1.22,0.215,0.048,0.98,low
1.04,0.257,0.237,0.74,borderline
0.95,0.168,0.155,0.96,low
1.49,0.117,0.133,0.92,low
1.15,0.17,0.059,0.9,low
0.42,0.404,0.524,0.31,high
0.69,0.466,0.359,0.75,moderate
1.5,0.226,0.096,0.94,low
0.5,0.409,0.721,0.69,high
1.23,0.212,0.148,0.72,borderline
1.4,0.05,0.045,0.99,low
1.22,0.059,0.111,0.89,low
1.09,0.03,0.0,0.76,low
0.76,0.465,0.471,0.5,moderate
1.0,0.277,0.235,0.59,borderline
0.97,0.328,0.474,0.43,moderate
1.4,0.052,0.076,0.85,low
0.3,0.43,0.72,0.31,high
1.13,0.152,0.189,0.8,low
0.68,0.197,0.236,0.7,moderate
1.14,0.095,0.0,0.83,low
1.35,0.03,0.075,0.9,low
0.97,0.138,0.066,0.91,low
0.3,0.562,0.614,0.6,high
0.65,0.246,0.547,0.48,moderate
1.05,0.228,0.491,0.85,borderline
0.42,0.602,0.885,0.2,high
0.65,0.333,0.653,0.22,high
0.68,0.501,0.495,0.27,high
1.09,0.153,0.0,0.85,low
0.87,0.237,0.399,0.87,borderline
1.42,0.046,0.112,0.71,low
1.4,0.041,0.073,0.94,low
0.71,0.266,0.315,0.55,moderate
1.12,0.041,0.064,1.0,low
0.56,0.474,0.282,0.71,moderate
1.47,0.214,0.054,0.81,low
0.31,0.604,0.71,0.33,high
1.28,0.073,0.025,0.73,low
1.14,0.03,0.128,1.0,low
1.04,0.359,0.127,0.45,moderate
0.39,0.435,0.71,0.36,high
1.25,0.033,0.05,0.88,low
1.5,0.208,0.0,0.94,low
0.84,0.266,0.38,0.74,moderate
0.53,0.666,0.464,0.2,high
1.34,0.178,0.123,0.99,low
1.27,0.03,0.037,0.79,low
0.36,0.374,0.743,0.35,high
0.81,0.262,0.471,0.59,moderate
1.15,0.082,0.0,0.81,low
0.61,0.257,0.381,0.51,moderate
0.8,0.226,0.187,0.67,moderate
1.05,0.37,0.537,0.39,moderate
1.05,0.455,0.539,0.54,moderate
1.3,0.041,0.12,0.84,low
0.62,0.434,0.569,0.62,moderate
1.5,0.123,0.077,0.85,low
0.54,0.575,0.635,0.22,high
0.98,0.258,0.306,0.68,borderline
0.96,0.06,0.128,0.81,low
0.45,0.531,0.455,0.25,high
0.88,0.345,0.715,0.44,moderate
0.77,0.11,0.514,0.68,moderate
0.97,0.248,0.421,0.74,moderate
1.22,0.057,0.0,0.75,low
0.46,0.534,0.9,0.47,high
0.69,0.116,0.354,0.45,moderate
0.63,0.459,0.334,0.4,moderate
1.26,0.076,0.0,0.63,low
1.49,0.113,0.084,0.79,low
0.91,0.482,0.427,0.48,moderate
0.96,0.13,0.232,0.83,borderline
1.25,0.096,0.0,0.95,low
1.18,0.301,0.314,0.68,borderline
0.73,0.322,0.435,0.86,moderate
1.5,0.129,0.16,0.95,low
0.95,0.102,0.056,0.94,low
0.92,0.111,0.236,0.8,borderline
1.47,0.03,0.035,0.86,low
0.81,0.167,0.582,0.47,moderate
0.85,0.267,0.491,0.51,moderate
0.73,0.58,0.529,0.26,high
0.74,0.491,0.256,0.76,moderate
0.88,0.516,0.571,0.25,high
0.4,0.395,0.276,0.54,moderate
1.34,0.247,0.0,0.7,low
1.4,0.03,0.084,0.87,low
1.3,0.139,0.103,0.96,low
1.22,0.05,0.112,1.0,low
1.22,0.168,0.312,0.58,borderline
1.25,0.076,0.086,0.92,low
0.6,0.187,0.212,0.82,borderline
1.22,0.348,0.254,0.76,borderline
0.57,0.43,0.699,0.53,high
0.48,0.346,0.237,0.74,moderate
1.3,0.119,0.146,0.86,low
0.8,0.209,0.274,0.45,moderate
0.33,0.516,0.753,0.2,high
0.7,0.331,0.526,0.54,moderate
0.99,0.248,0.305,0.84,borderline
1.36,0.091,0.207,0.85,low
1.38,0.092,0.085,0.89,low
0.63,0.338,0.762,0.2,high
1.15,0.308,0.199,0.8,borderline
1.37,0.03,0.201,1.0,low
1.32,0.132,0.221,0.96,low
0.71,0.298,0.538,0.47,moderate
1.37,0.086,0.075,0.81,low
0.78,0.229,0.459,0.62,moderate
0.83,0.238,0.276,0.44,moderate
0.78,0.138,0.368,0.49,moderate
1.05,0.152,0.29,0.61,borderline
1.16,0.242,0.098,0.82,low
1.21,0.113,0.082,0.9,low
0.75,0.17,0.447,0.7,moderate
1.09,0.055,0.098,0.72,low
1.13,0.327,0.142,0.71,borderline
1.39,0.092,0.006,0.84,low
1.25,0.188,0.0,0.81,low
0.63,0.243,0.241,0.61,borderline
0.86,0.122,0.239,0.85,borderline
0.55,0.349,0.53,0.61,moderate
0.83,0.365,0.361,0.63,moderate
0.77,0.408,0.232,0.71,moderate
1.01,0.17,0.548,0.62,moderate
0.44,0.626,0.769,0.44,high
0.83,0.326,0.427,0.65,moderate
0.7,0.33,0.706,0.36,high
0.83,0.614,0.675,0.48,high
0.77,0.304,0.51,0.73,moderate
0.7,0.196,0.09,0.71,borderline
1.07,0.265,0.089,0.86,low
0.78,0.428,0.259,0.51,moderate
1.02,0.192,0.175,0.57,borderline
0.69,0.148,0.302,0.83,moderate
1.2,0.088,0.149,0.8,low
0.78,0.246,0.18,0.39,moderate
0.88,0.116,0.132,0.95,low
1.35,0.03,0.0,0.92,low
0.84,0.492,0.453,0.58,moderate
1.03,0.038,0.17,0.65,borderline
0.49,0.613,0.666,0.4,high
0.9,0.21,0.198,0.58,borderline
0.72,0.367,0.614,0.5,moderate
1.5,0.053,0.206,0.82,low
0.51,0.312,0.61,0.37,high
1.5,0.03,0.124,0.71,low
1.19,0.03,0.099,0.75,low
1.09,0.2,0.288,0.71,borderline
0.99,0.297,0.431,0.66,borderline
0.88,0.279,0.452,0.84,borderline
0.3,0.411,0.624,0.52,high
1.29,0.03,0.225,0.78,low
0.83,0.217,0.439,0.63,moderate
0.78,0.2,0.539,0.61,moderate
0.63,0.412,0.255,0.58,moderate
1.0,0.163,0.135,0.89,low
1.4,0.102,0.16,0.73,low
0.87,0.297,0.444,0.44,moderate
1.32,0.046,0.066,0.81,low
1.42,0.03,0.091,0.92,low
1.0,0.082,0.007,0.92,low
0.69,0.576,0.878,0.2,high
0.91,0.322,0.66,0.43,moderate
0.99,0.183,0.232,0.65,borderline
0.74,0.48,0.45,0.69,moderate
0.59,0.597,0.704,0.52,high
0.99,0.217,0.14,0.89,borderline
1.01,0.319,0.408,0.71,moderate
0.73,0.394,0.762,0.5,high
0.76,0.365,0.45,0.43,high
1.25,0.03,0.0,0.88,low
1.12,0.03,0.222,0.83,low
0.76,0.043,0.254,0.55,moderate
1.07,0.259,0.0,0.67,low
0.69,0.396,0.242,0.52,moderate
0.75,0.461,0.164,0.66,moderate
0.55,0.485,0.684,0.2,high
1.05,0.135,0.257,0.64,borderline
1.24,0.03,0.062,0.81,low
0.62,0.47,0.202,0.58,moderate
0.9,0.543,0.359,0.56,moderate
0.78,0.37,0.547,0.68,moderate
0.91,0.408,0.495,0.51,high
0.97,0.133,0.513,0.7,borderline
1.26,0.094,0.089,0.94,low
1.09,0.252,0.326,0.64,borderline
1.01,0.211,0.275,0.67,borderline
0.92,0.195,0.053,0.69,borderline
1.34,0.039,0.025,0.88,low
1.21,0.142,0.117,0.76,low
0.94,0.162,0.153,0.87,low
1.37,0.13,0.016,0.9,low
1.05,0.091,0.0,0.8,low
0.3,0.366,0.9,0.3,high
0.65,0.498,0.9,0.37,high
0.89,0.241,0.51,0.48,moderate
0.88,0.487,0.611,0.47,moderate
0.76,0.16,0.233,0.54,moderate
0.65,0.567,0.794,0.41,high
0.96,0.226,0.154,0.89,borderline
0.82,0.277,0.316,0.66,moderate
1.2,0.124,0.088,0.73,borderline
1.45,0.03,0.071,0.85,low
0.73,0.296,0.428,0.65,moderate
1.42,0.03,0.126,0.68,low
0.89,0.242,0.171,0.56,moderate
0.82,0.371,0.208,0.46,moderate
0.92,0.186,0.057,0.81,borderline
0.84,0.359,0.13,0.63,borderline
1.1,0.284,0.151,0.57,borderline
0.94,0.291,0.501,0.44,moderate
0.74,0.7,0.9,0.55,high
1.09,0.27,0.309,0.65,moderate
1.02,0.242,0.313,0.68,borderline
0.66,0.429,0.491,0.45,high
1.02,0.166,0.121,0.64,borderline
1.15,0.03,0.137,0.94,low
1.18,0.084,0.006,0.78,low
1.16,0.143,0.109,0.86,low
1.22,0.03,0.075,0.81,low
1.5,0.142,0.166,0.79,low
0.31,0.416,0.488,0.55,high
1.5,0.185,0.0,0.94,low
1.0,0.099,0.016,0.98,low
1.03,0.147,0.137,1.0,low
1.04,0.087,0.398,0.82,borderline
0.82,0.394,0.655,0.35,high
0.62,0.313,0.157,0.79,moderate
0.46,0.177,0.268,0.56,moderate
1.5,0.246,0.157,0.94,low
1.09,0.03,0.054,0.88,low
0.95,0.263,0.532,0.46,moderate
1.05,0.162,0.15,0.78,borderline
0.5,0.384,0.537,0.7,moderate
0.76,0.491,0.402,0.47,high
1.14,0.064,0.08,0.97,low
0.89,0.092,0.092,0.94,low
0.62,0.638,0.653,0.44,high
0.97,0.239,0.0,0.95,low
0.56,0.478,0.52,0.27,high
0.76,0.391,0.39,0.39,moderate
1.17,0.175,0.18,0.64,borderline
0.72,0.374,0.409,0.59,moderate
1.4,0.069,0.105,0.75,low
1.5,0.111,0.111,0.94,low
1.01,0.19,0.266,0.91,borderline
1.34,0.054,0.028,0.84,low
1.33,0.155,0.018,1.0,low
1.2,0.113,0.191,0.76,low
0.33,0.457,0.634,0.31,high
0.77,0.391,0.715,0.27,high
1.19,0.081,0.03,1.0,low
1.36,0.078,0.031,0.9,low
0.96,0.037,0.149,0.8,borderline
0.98,0.135,0.122,0.7,borderline
0.49,0.421,0.691,0.21,high
0.93,0.125,0.115,0.84,low
1.37,0.097,0.152,0.81,low
1.13,0.03,0.08,0.86,low
0.51,0.58,0.365,0.26,high
1.1,0.049,0.233,0.76,borderline
1.37,0.102,0.059,0.69,low
0.55,0.49,0.531,0.46,high
1.24,0.114,0.137,1.0,low
1.14,0.308,0.227,0.94,borderline
0.96,0.227,0.423,0.47,moderate
0.38,0.385,0.799,0.2,high
1.09,0.165,0.004,0.98,low
1.35,0.116,0.039,0.71,low
1.04,0.442,0.141,0.43,moderate
0.73,0.251,0.235,0.73,moderate
1.08,0.186,0.095,0.83,low
1.5,0.09,0.025,1.0,low
1.4,0.081,0.138,0.7,low
0.99,0.198,0.123,0.74,borderline
0.76,0.406,0.357,0.6,moderate
0.68,0.317,0.6,0.5,high
1.45,0.031,0.037,0.93,low
0.54,0.633,0.826,0.41,high
0.39,0.468,0.85,0.53,high
1.25,0.118,0.093,0.89,low
1.15,0.19,0.252,0.75,borderline
1.09,0.183,0.0,0.98,low
1.02,0.236,0.256,0.71,borderline
0.64,0.45,0.193,0.62,moderate
1.36,0.148,0.076,0.79,low
1.35,0.098,0.089,1.0,low
0.48,0.504,0.61,0.34,high
0.91,0.136,0.118,0.74,borderline
1.2,0.086,0.062,0.91,low
0.84,0.564,0.553,0.69,moderate
1.01,0.24,0.157,0.76,borderline
1.5,0.097,0.097,0.98,low
0.3,0.426,0.677,0.32,high
1.13,0.077,0.039,0.89,low
0.84,0.329,0.582,0.62,moderate
0.85,0.291,0.575,0.56,moderate
0.65,0.12,0.377,0.68,moderate
0.57,0.396,0.742,0.27,high
1.27,0.213,0.14,0.82,low
1.33,0.03,0.0,0.85,low
1.47,0.148,0.121,0.73,low
0.67,0.167,0.438,0.57,moderate
0.83,0.258,0.624,0.53,moderate
0.37,0.626,0.672,0.29,high
1.3,0.043,0.0,0.75,low
1.14,0.031,0.052,0.92,low
0.96,0.053,0.092,0.76,low
1.5,0.062,0.11,0.87,low
1.15,0.234,0.095,0.75,borderline
0.9,0.268,0.352,0.52,moderate
1.0,0.245,0.445,0.48,moderate
0.96,0.254,0.278,0.72,borderline
0.68,0.505,0.441,0.29,high
1.45,0.082,0.178,0.97,low
0.83,0.195,0.375,0.54,borderline
1.22,0.135,0.148,0.68,borderline
1.15,0.342,0.245,0.7,borderline
0.34,0.519,0.741,0.25,high
0.76,0.474,0.48,0.57,moderate
1.21,0.065,0.039,0.94,low
0.48,0.374,0.672,0.36,high
1.18,0.113,0.274,0.76,borderline
1.18,0.037,0.062,0.8,low
1.15,0.276,0.282,0.77,borderline
0.53,0.627,0.9,0.51,high
0.6,0.395,0.727,0.51,high
1.5,0.108,0.275,0.88,low
1.37,0.112,0.117,1.0,low
1.08,0.143,0.056,0.87,low
0.65,0.375,0.552,0.54,moderate
0.71,0.3,0.263,0.59,moderate
0.3,0.364,0.613,0.2,high
0.57,0.35,0.488,0.61,moderate
1.06,0.158,0.231,0.91,low
1.2,0.074,0.102,0.86,low
0.68,0.196,0.492,0.39,moderate
0.87,0.25,0.499,0.63,moderate
0.86,0.158,0.207,0.66,borderline
1.23,0.158,0.0,1.0,low
0.88,0.133,0.024,1.0,low
0.81,0.588,0.496,0.47,high
0.75,0.657,0.644,0.36,high
0.63,0.344,0.247,0.41,moderate
0.75,0.289,0.429,0.54,moderate
1.27,0.099,0.148,0.84,low
0.96,0.18,0.134,0.75,low
1.07,0.216,0.165,0.73,low
0.55,0.371,0.448,0.46,high
0.96,0.169,0.021,0.62,borderline
1.17,0.03,0.155,0.83,borderline
1.1,0.145,0.119,0.93,low
1.23,0.033,0.06,0.66,low
0.58,0.362,0.86,0.44,high
1.28,0.138,0.09,0.86,low
1.0,0.132,0.136,0.93,low
1.44,0.066,0.004,0.97,low
1.5,0.054,0.109,0.86,low
1.02,0.224,0.157,0.6,borderline
1.11,0.163,0.199,0.68,borderline
0.93,0.156,0.179,0.64,borderline
0.92,0.109,0.131,1.0,low
0.66,0.315,0.259,0.48,moderate
0.8,0.575,0.418,0.46,high
0.86,0.224,0.304,0.82,borderline
1.01,0.284,0.431,0.52,borderline
1.24,0.068,0.069,0.92,low
0.8,0.393,0.342,0.54,moderate
0.81,0.598,0.475,0.2,high
1.5,0.113,0.129,0.86,low
1.07,0.108,0.224,0.91,borderline
0.36,0.609,0.711,0.32,high
1.37,0.123,0.112,0.94,low
0.7,0.226,0.386,0.44,moderate
0.63,0.521,0.551,0.52,high
1.34,0.03,0.003,0.83,low
1.08,0.135,0.105,0.88,borderline
1.15,0.283,0.273,0.89,borderline
1.04,0.125,0.261,0.79,borderline
0.62,0.456,0.638,0.53,high
1.07,0.046,0.047,0.8,low
0.5,0.232,0.4,0.49,moderate
0.98,0.258,0.43,0.55,moderate
0.94,0.238,0.045,0.61,low
1.26,0.075,0.185,0.82,low
0.95,0.385,0.583,0.42,moderate
0.85,0.317,0.276,0.46,moderate
1.11,0.246,0.0,0.79,low
0.97,0.074,0.066,0.84,low
0.52,0.244,0.346,0.6,moderate
1.5,0.03,0.006,0.81,low
0.9,0.074,0.122,0.63,borderline
0.66,0.27,0.368,0.38,moderate
0.88,0.358,0.302,0.68,moderate
0.78,0.234,0.651,0.56,moderate
0.99,0.155,0.161,0.87,low
1.23,0.087,0.235,0.84,borderline
1.37,0.142,0.092,0.83,low
1.33,0.034,0.0,0.96,low
0.93,0.121,0.138,0.89,low
1.1,0.137,0.083,0.98,low
1.09,0.103,0.005,1.0,low
1.25,0.216,0.108,0.98,low
1.21,0.062,0.052,0.93,low
1.11,0.121,0.178,0.78,borderline
0.51,0.445,0.545,0.28,high
0.95,0.274,0.063,0.78,borderline
0.86,0.679,0.509,0.44,high
1.3,0.03,0.042,0.88,low
1.01,0.178,0.229,0.75,borderline
1.5,0.1,0.137,0.84,low
1.01,0.072,0.081,0.87,low
0.81,0.627,0.394,0.45,high
1.01,0.102,0.028,0.75,borderline
0.64,0.204,0.373,0.56,moderate
1.19,0.054,0.12,0.8,low
0.74,0.414,0.668,0.41,moderate
0.79,0.329,0.268,0.44,moderate
1.49,0.086,0.106,0.95,low
0.31,0.563,0.9,0.55,high
1.34,0.03,0.006,0.61,low
1.25,0.03,0.053,0.96,low
1.17,0.214,0.23,0.76,borderline
1.1,0.224,0.346,0.88,borderline
0.82,0.289,0.424,0.41,moderate
1.21,0.104,0.064,1.0,low
1.33,0.03,0.054,0.89,low
0.93,0.32,0.648,0.53,moderate
1.46,0.24,0.066,0.89,low
0.65,0.575,0.67,0.32,high
1.32,0.095,0.25,0.98,low
1.14,0.085,0.033,0.91,low
0.9,0.405,0.423,0.89,moderate
0.63,0.412,0.554,0.61,moderate
0.93,0.426,0.731,0.42,high
1.24,0.225,0.418,0.78,borderline
1.12,0.129,0.191,0.83,borderline
0.5,0.642,0.651,0.48,high
1.14,0.146,0.175,0.94,low
0.85,0.416,0.382,0.46,moderate
0.85,0.192,0.279,0.67,borderline
0.6,0.508,0.82,0.38,high
0.45,0.453,0.493,0.44,high
1.23,0.098,0.146,0.9,low
1.01,0.03,0.116,0.88,low
1.3,0.182,0.009,1.0,low
1.28,0.032,0.025,1.0,low
0.5,0.326,0.413,0.49,high
0.47,0.563,0.445,0.2,high
0.91,0.45,0.549,0.42,high
0.74,0.659,0.699,0.61,high
1.02,0.121,0.044,0.74,low
0.65,0.434,0.875,0.55,high
1.27,0.369,0.288,0.8,borderline
1.16,0.06,0.04,0.84,low
1.5,0.084,0.0,0.96,low
0.71,0.304,0.6,0.65,moderate
0.74,0.207,0.324,0.49,moderate
1.12,0.09,0.028,0.99,low
0.69,0.355,0.327,0.49,moderate
1.02,0.091,0.21,0.85,borderline
0.45,0.403,0.776,0.26,high
1.19,0.14,0.102,0.69,low
0.7,0.365,0.723,0.48,moderate
1.07,0.08,0.136,0.91,low
0.4,0.404,0.416,0.37,high
0.93,0.277,0.263,0.6,borderline
0.41,0.667,0.869,0.38,high
0.99,0.189,0.233,0.68,moderate
1.18,0.157,0.159,0.6,borderline
0.76,0.561,0.369,0.27,high
1.45,0.03,0.041,0.91,low
1.44,0.045,0.066,0.99,low
0.75,0.5,0.736,0.72,high
1.45,0.144,0.118,0.87,low
1.11,0.115,0.079,0.97,low
0.44,0.595,0.485,0.35,high
1.33,0.114,0.206,0.77,low
0.52,0.481,0.567,0.65,high
0.55,0.441,0.287,0.51,moderate
1.31,0.122,0.046,0.85,low
1.03,0.073,0.124,0.96,low
1.38,0.144,0.134,0.92,low
0.92,0.064,0.37,0.75,borderline
0.75,0.259,0.372,0.55,moderate
1.45,0.115,0.197,0.86,low
0.58,0.491,0.437,0.2,high
0.52,0.616,0.884,0.36,high
1.16,0.079,0.094,1.0,low
0.3,0.492,0.684,0.37,high
1.37,0.061,0.048,0.89,low
0.37,0.456,0.702,0.41,high
0.38,0.335,0.328,0.52,moderate
0.75,0.245,0.24,0.74,moderate
0.78,0.39,0.417,0.58,moderate
0.91,0.217,0.462,0.57,moderate
0.58,0.7,0.407,0.31,high
0.83,0.267,0.37,0.69,moderate
0.44,0.296,0.647,0.32,high
0.84,0.158,0.125,0.75,borderline
0.45,0.548,0.575,0.3,high
1.12,0.03,0.06,0.83,low
0.86,0.085,0.175,0.7,borderline
0.89,0.342,0.507,0.43,moderate
0.96,0.109,0.202,0.65,borderline
0.55,0.653,0.703,0.27,high
1.11,0.239,0.285,0.71,borderline
0.84,0.223,0.197,0.76,borderline
1.38,0.178,0.0,0.89,low
0.67,0.495,0.724,0.48,high
0.49,0.572,0.701,0.2,high
1.5,0.073,0.159,1.0,low
0.62,0.335,0.513,0.53,moderate
0.58,0.321,0.336,0.65,moderate
0.46,0.689,0.762,0.44,high
1.42,0.049,0.024,0.92,low
0.93,0.401,0.476,0.45,moderate
0.7,0.245,0.347,0.61,moderate
1.06,0.162,0.107,0.81,low
0.75,0.312,0.372,0.8,high
0.73,0.486,0.347,0.83,moderate
1.35,0.201,0.0,0.99,low
1.25,0.107,0.128,1.0,low
1.27,0.03,0.165,0.81,low
0.39,0.463,0.644,0.28,high
1.26,0.035,0.0,0.66,low
0.47,0.577,0.55,0.38,high
0.59,0.443,0.46,0.35,moderate
0.49,0.603,0.413,0.44,high
1.39,0.03,0.092,0.92,low
1.08,0.1,0.281,0.85,borderline
0.3,0.552,0.574,0.31,high
1.07,0.061,0.112,0.79,borderline
1.29,0.068,0.134,1.0,low
1.47,0.147,0.155,0.89,low
0.82,0.252,0.518,0.42,moderate
1.02,0.219,0.355,0.79,borderline
0.56,0.591,0.708,0.39,high
0.9,0.124,0.207,0.74,borderline
0.59,0.348,0.33,0.5,moderate
0.61,0.319,0.705,0.43,high
0.88,0.179,0.088,0.89,low
1.13,0.03,0.191,0.95,low
0.3,0.408,0.69,0.26,high
1.26,0.03,0.049,0.85,low
0.55,0.439,0.6,0.21,high
0.63,0.397,0.282,0.74,moderate
0.73,0.273,0.516,0.38,moderate
1.14,0.045,0.149,0.96,low
1.23,0.158,0.099,0.99,low
1.05,0.176,0.0,0.94,low
0.35,0.35,0.438,0.2,high
0.54,0.477,0.791,0.58,high
1.34,0.077,0.023,0.95,low
0.53,0.44,0.606,0.2,high
1.12,0.265,0.389,0.86,borderline
1.19,0.183,0.0,0.88,low
0.68,0.384,0.663,0.26,high
0.78,0.173,0.271,0.42,moderate
1.14,0.074,0.092,0.75,low
0.32,0.62,0.664,0.48,high
0.63,0.377,0.588,0.2,high
0.94,0.03,0.0,0.88,low
1.06,0.304,0.083,0.75,borderline
0.51,0.511,0.842,0.37,high
1.3,0.03,0.0,1.0,low
0.85,0.264,0.442,0.44,moderate
1.18,0.03,0.0,0.84,low
0.59,0.217,0.462,0.43,moderate
1.5,0.165,0.238,0.79,low
0.8,0.57,0.166,0.63,moderate
0.73,0.296,0.511,0.67,moderate
1.19,0.14,0.109,0.8,low
1.17,0.152,0.0,0.77,low
1.3,0.03,0.122,0.93,low
0.8,0.345,0.344,0.71,moderate
0.74,0.214,0.183,0.87,borderline
1.37,0.162,0.0,0.82,low
0.46,0.416,0.504,0.43,high
1.21,0.226,0.091,0.72,borderline
1.08,0.061,0.054,0.85,low
1.17,0.248,0.17,0.88,low
0.44,0.516,0.57,0.36,high
0.98,0.047,0.122,1.0,low
1.39,0.099,0.03,0.72,low
0.66,0.376,0.497,0.63,moderate
1.02,0.15,0.08,0.68,low
0.99,0.379,0.294,0.55,moderate
0.91,0.276,0.344,0.67,borderline
1.09,0.177,0.0,0.65,low
0.88,0.317,0.464,0.55,moderate
0.51,0.526,0.392,0.31,high
0.41,0.312,0.733,0.32,high
0.35,0.362,0.448,0.23,high
0.63,0.625,0.866,0.53,high
0.95,0.275,0.419,0.67,moderate
0.6,0.355,0.809,0.26,high
1.12,0.245,0.165,0.54,moderate
1.01,0.03,0.241,0.88,low
0.42,0.322,0.755,0.43,high
1.0,0.195,0.068,0.65,borderline
1.0,0.329,0.492,0.43,moderate
1.5,0.229,0.035,0.97,low
1.32,0.096,0.0,0.9,low
1.49,0.142,0.073,0.75,low
1.08,0.13,0.005,0.76,low
1.21,0.156,0.0,0.95,low
0.8,0.588,0.825,0.53,high
1.18,0.185,0.12,0.95,borderline
0.43,0.394,0.481,0.45,high
0.38,0.424,0.445,0.41,high
0.48,0.316,0.761,0.57,high
0.77,0.27,0.46,0.44,moderate
0.93,0.36,0.502,0.51,moderate
0.6,0.513,0.382,0.76,moderate
1.03,0.245,0.266,0.65,moderate
0.54,0.483,0.567,0.2,high
1.34,0.146,0.024,0.85,low
0.67,0.269,0.198,0.45,moderate
0.7,0.339,0.286,0.75,moderate
0.54,0.503,0.398,0.36,high
0.74,0.438,0.535,0.74,moderate
0.52,0.679,0.9,0.48,high
0.51,0.294,0.678,0.55,high
0.51,0.575,0.47,0.48,high
0.81,0.209,0.662,0.42,moderate
1.32,0.16,0.079,1.0,low
0.81,0.262,0.522,0.47,high
0.53,0.475,0.411,0.47,moderate
0.52,0.348,0.409,0.36,high
0.58,0.58,0.614,0.4,high
1.24,0.031,0.133,0.86,low
1.5,0.203,0.053,0.8,low
0.69,0.372,0.33,0.38,moderate
0.77,0.294,0.352,0.53,moderate
1.07,0.03,0.194,0.97,low
0.89,0.185,0.137,0.47,moderate
0.7,0.301,0.388,0.68,moderate
1.05,0.23,0.201,0.93,borderline
1.43,0.193,0.096,0.96,low
1.44,0.097,0.015,0.92,low
0.72,0.368,0.435,0.5,moderate
0.62,0.287,0.568,0.61,moderate
0.92,0.36,0.644,0.49,moderate
0.73,0.375,0.548,0.68,moderate
0.43,0.397,0.649,0.32,high
0.8,0.185,0.585,0.7,moderate
0.91,0.31,0.332,0.46,moderate
0.98,0.177,0.354,0.71,moderate
0.91,0.443,0.374,0.5,moderate
0.84,0.37,0.44,0.2,high
0.71,0.317,0.571,0.41,moderate
0.46,0.581,0.863,0.2,high
0.35,0.306,0.408,0.41,high
0.67,0.487,0.552,0.4,high
0.73,0.447,0.829,0.45,high
1.5,0.245,0.0,0.83,low
1.21,0.145,0.225,0.87,low
0.84,0.172,0.191,0.87,borderline
0.34,0.598,0.452,0.39,high
1.03,0.049,0.069,0.81,low
1.3,0.1,0.0,0.78,low
1.09,0.156,0.041,0.74,low
0.97,0.358,0.334,0.4,moderate
0.92,0.278,0.599,0.5,moderate
0.56,0.415,0.776,0.41,high
0.7,0.283,0.15,0.72,moderate
1.47,0.03,0.059,1.0,low
1.11,0.03,0.335,0.92,borderline
1.11,0.174,0.175,0.93,low
0.88,0.15,0.488,0.61,moderate
0.74,0.592,0.532,0.43,high
1.5,0.202,0.089,0.76,low
0.52,0.604,0.654,0.2,high
0.68,0.405,0.303,0.47,moderate
1.26,0.03,0.151,0.87,low
0.89,0.304,0.842,0.45,high
1.3,0.113,0.093,0.84,low
0.97,0.105,0.358,0.93,borderline
1.0,0.068,0.16,0.96,low
1.02,0.449,0.575,0.69,moderate
1.5,0.106,0.103,1.0,low
1.03,0.134,0.041,0.73,borderline
0.7,0.536,0.306,0.68,moderate
0.64,0.512,0.344,0.23,high
0.79,0.228,0.461,0.39,moderate
1.02,0.222,0.24,0.74,borderline
0.47,0.278,0.498,0.6,moderate
0.76,0.052,0.048,0.7,borderline
1.15,0.081,0.0,0.83,low
1.32,0.03,0.013,0.88,low
1.19,0.213,0.0,0.89,low
0.97,0.109,0.323,0.76,borderline
1.2,0.163,0.0,0.82,low
0.86,0.144,0.0,0.75,low
0.63,0.629,0.819,0.37,high
0.69,0.335,0.577,0.48,moderate
1.06,0.273,0.262,0.61,borderline
0.55,0.525,0.523,0.47,high
1.2,0.03,0.163,0.84,low
0.37,0.553,0.598,0.27,high
1.19,0.03,0.104,0.87,low
0.76,0.537,0.9,0.21,high
1.09,0.249,0.098,0.72,borderline
0.74,0.306,0.337,0.48,moderate
1.21,0.046,0.0,0.96,low
1.2,0.039,0.0,0.75,low
1.5,0.177,0.069,0.93,low
1.13,0.205,0.409,0.77,borderline
0.93,0.416,0.864,0.35,high
0.84,0.246,0.077,0.59,moderate
1.3,0.049,0.217,1.0,low
1.5,0.161,0.125,0.8,low
1.05,0.178,0.259,0.75,borderline
0.94,0.194,0.035,0.73,borderline
0.99,0.24,0.103,0.54,borderline
1.5,0.059,0.027,0.97,low
1.28,0.081,0.174,0.77,low
0.85,0.03,0.145,0.94,low
0.89,0.146,0.208,0.94,borderline
1.4,0.085,0.0,0.76,low
1.11,0.199,0.0,0.86,borderline
0.94,0.192,0.054,1.0,low
0.59,0.407,0.401,0.59,moderate
0.64,0.389,0.691,0.42,high
1.01,0.03,0.092,0.75,low
1.31,0.206,0.02,0.93,low
1.18,0.058,0.107,0.72,low
0.3,0.601,0.765,0.61,high
1.22,0.143,0.07,0.84,low
1.45,0.145,0.118,0.9,low
0.75,0.38,0.179,0.48,moderate
0.8,0.457,0.271,0.34,moderate
1.14,0.098,0.301,0.75,borderline
1.13,0.36,0.272,0.63,moderate
1.13,0.167,0.266,0.89,low
0.89,0.441,0.442,0.51,moderate
1.1,0.153,0.33,0.53,moderate
1.05,0.157,0.17,1.0,low
0.55,0.497,0.593,0.42,high
1.24,0.141,0.0,0.92,low
0.5,0.407,0.628,0.2,high
1.5,0.172,0.167,0.77,low
1.01,0.574,0.409,0.38,moderate
0.78,0.214,0.209,0.77,borderline
1.28,0.198,0.075,0.84,low
1.38,0.032,0.0,0.91,low
1.43,0.185,0.112,0.69,low
1.5,0.03,0.0,1.0,low
1.39,0.03,0.132,0.86,low
1.27,0.084,0.224,0.98,low
0.97,0.131,0.221,0.91,borderline
1.07,0.232,0.189,0.77,borderline
1.09,0.062,0.0,0.7,low
0.49,0.433,0.809,0.6,high
1.38,0.174,0.167,1.0,low
0.83,0.555,0.9,0.34,high
1.42,0.092,0.217,0.93,low
0.42,0.518,0.745,0.49,high
1.01,0.176,0.196,0.71,borderline
0.61,0.314,0.541,0.58,moderate
0.61,0.7,0.786,0.49,high
0.82,0.247,0.179,0.65,moderate
1.23,0.231,0.302,0.82,low
0.33,0.481,0.712,0.4,high
0.89,0.199,0.19,0.76,borderline
0.54,0.66,0.57,0.48,high
1.49,0.048,0.178,0.75,low
0.92,0.07,0.099,0.62,borderline
1.4,0.04,0.0,0.95,low
1.38,0.06,0.076,0.71,low
0.84,0.5,0.34,0.61,moderate
1.36,0.121,0.141,0.89,low
1.27,0.03,0.07,1.0,low
0.97,0.03,0.091,0.84,low
0.88,0.451,0.257,0.66,moderate
0.59,0.416,0.884,0.25,high
0.75,0.539,0.747,0.51,high
0.73,0.397,0.51,0.51,moderate
1.17,0.051,0.09,1.0,low
0.58,0.125,0.273,0.71,moderate
0.99,0.267,0.158,0.78,borderline
1.02,0.211,0.234,0.57,borderline
0.74,0.42,0.304,0.46,moderate
0.48,0.216,0.587,0.46,high
0.65,0.318,0.46,0.66,moderate
0.88,0.44,0.283,0.42,moderate
1.16,0.105,0.0,1.0,low
1.35,0.145,0.169,0.84,low
1.28,0.159,0.051,0.92,low
1.25,0.034,0.051,0.85,low
0.89,0.453,0.565,0.75,moderate
0.69,0.438,0.542,0.58,moderate
0.45,0.327,0.452,0.46,high
0.89,0.397,0.528,0.46,moderate
1.03,0.081,0.072,0.85,low
0.91,0.409,0.533,0.45,moderate
0.92,0.284,0.429,0.78,borderline
1.5,0.233,0.164,0.94,low
0.89,0.343,0.421,0.47,moderate
1.04,0.13,0.067,0.84,low
1.32,0.141,0.051,0.9,low
1.06,0.156,0.0,0.76,low
1.25,0.03,0.08,0.92,low
1.45,0.086,0.004,0.92,low
1.5,0.217,0.05,1.0,low
1.02,0.153,0.252,0.64,moderate
1.21,0.109,0.214,0.93,low
1.16,0.224,0.322,0.68,borderline
0.88,0.03,0.026,0.91,low
1.32,0.078,0.143,0.77,low
0.75,0.546,0.672,0.51,high
0.79,0.174,0.25,0.7,moderate
0.85,0.299,0.282,0.66,moderate
1.02,0.212,0.433,0.25,moderate
0.75,0.26,0.252,0.65,borderline
0.7,0.268,0.531,0.63,moderate
0.63,0.526,0.309,0.66,moderate
0.45,0.316,0.511,0.2,high
1.22,0.051,0.06,1.0,low
0.89,0.327,0.689,0.49,high
1.43,0.03,0.086,0.93,low
0.97,0.107,0.107,0.81,borderline
1.5,0.252,0.027,0.73,low
0.67,0.605,0.547,0.38,high
1.11,0.35,0.161,0.85,borderline
1.09,0.058,0.068,0.96,low
0.89,0.257,0.421,0.61,moderate
0.73,0.313,0.552,0.4,high
0.97,0.217,0.163,0.78,low
0.84,0.193,0.068,0.65,borderline
1.5,0.141,0.0,0.86,low
0.88,0.205,0.392,0.63,moderate
1.11,0.03,0.04,0.62,borderline
0.95,0.185,0.297,0.96,low
1.3,0.167,0.196,0.65,low
1.06,0.196,0.116,1.0,low
0.95,0.415,0.389,0.54,moderate
1.48,0.098,0.0,0.68,low
0.74,0.385,0.574,0.75,moderate
1.33,0.03,0.048,0.96,low
1.12,0.169,0.17,0.68,borderline
0.89,0.392,0.322,0.41,moderate
1.09,0.239,0.063,0.95,low
1.06,0.072,0.242,0.58,borderline
0.74,0.417,0.498,0.53,moderate
0.7,0.367,0.268,0.72,moderate
1.05,0.116,0.131,0.69,low
1.21,0.092,0.108,0.88,low
0.88,0.425,0.475,0.5,moderate
0.82,0.573,0.851,0.4,high
1.25,0.049,0.046,0.78,low
0.39,0.656,0.86,0.32,high
1.06,0.172,0.096,0.66,borderline
0.64,0.148,0.534,0.68,moderate
0.82,0.456,0.413,0.7,moderate
1.5,0.119,0.128,1.0,low
0.96,0.266,0.248,0.71,moderate
1.27,0.112,0.049,0.82,low
0.97,0.292,0.185,0.7,moderate
1.09,0.232,0.0,0.85,low
0.82,0.033,0.206,0.9,low
0.83,0.595,0.644,0.2,high
0.88,0.183,0.14,0.74,borderline
0.48,0.541,0.575,0.58,high
0.84,0.259,0.26,0.62,borderline
0.62,0.33,0.321,0.52,moderate
0.74,0.36,0.299,0.4,moderate
1.08,0.072,0.128,0.64,borderline
0.82,0.323,0.551,0.62,moderate
1.12,0.362,0.472,0.59,moderate
