jitter,shimmer,hnr,pitch_variation,risk_level
0.0368,0.089,17.4,0.28,high
0.0041,0.0157,23.8,0.03,low
0.023,0.0348,12.5,0.378,moderate
0.0225,0.0311,16.6,0.178,borderline
0.032,0.0256,14.7,0.291,moderate
0.022,0.0295,11.3,0.339,moderate
0.0152,0.0158,14.3,0.227,borderline
0.0354,0.0655,8.3,0.505,high
0.0029,0.0132,25.4,0.062,low
0.0198,0.0279,15.0,0.361,moderate
0.0134,0.0199,19.1,0.121,low
0.0152,0.039,19.3,0.453,moderate
0.0187,0.0573,11.0,0.319,moderate
0.0095,0.0242,26.3,0.089,low
0.0124,0.0146,23.1,0.056,low
0.0199,0.0128,29.3,0.192,low
0.0083,0.0217,20.9,0.21,low
0.0142,0.0107,24.8,0.098,low
0.0378,0.0604,16.2,0.407,high
0.0449,0.058,12.1,0.498,high
0.0213,0.0262,28.9,0.099,low
0.06,0.097,11.5,0.513,high
0.05,0.0394,13.3,0.402,high
0.0157,0.0266,13.5,0.279,borderline
0.0386,0.0607,17.3,0.456,high
0.005,0.0056,22.7,0.073,low
0.0278,0.0397,21.6,0.35,moderate
0.024,0.0396,25.3,0.246,borderline
0.0221,0.0188,28.8,0.109,low
0.0162,0.0168,27.0,0.185,low
0.0156,0.005,16.0,0.039,low
0.0199,0.0157,23.2,0.129,borderline
0.0064,0.0155,29.3,0.079,low
0.0168,0.0205,20.1,0.116,borderline
0.0234,0.016,18.7,0.224,borderline
0.0164,0.0213,30.0,0.048,low
0.0324,0.0478,12.3,0.442,high
0.0228,0.0365,16.0,0.233,moderate
0.0064,0.0178,14.9,0.108,borderline
0.0188,0.0327,23.0,0.079,low
0.001,0.0138,26.1,0.138,low
0.0303,0.0423,10.7,0.559,high
0.01,0.0278,18.1,0.192,low
0.0143,0.0145,30.0,0.189,low
0.0344,0.0437,10.1,0.384,moderate
0.0213,0.03,22.1,0.162,borderline
0.0137,0.0108,21.4,0.12,low
0.012,0.0281,17.1,0.083,borderline
0.0167,0.0081,28.3,0.091,low
0.0332,0.0728,10.9,0.498,high
0.0359,0.0349,17.8,0.262,moderate
0.0111,0.0208,25.5,0.19,low
0.0284,0.0444,19.1,0.257,moderate
0.0033,0.0284,27.1,0.104,low
0.0188,0.0198,18.6,0.214,borderline
0.0286,0.0705,17.9,0.277,high
0.0248,0.0326,15.9,0.298,moderate
0.042,0.0447,10.5,0.393,high
0.0343,0.0417,15.2,0.179,moderate
0.0139,0.0294,25.6,0.219,low
0.0156,0.059,12.7,0.383,moderate
0.0077,0.025,27.0,0.083,low
0.0336,0.1,8.0,0.351,high
0.0132,0.039,20.2,0.268,borderline
0.0466,0.0867,13.2,0.575,high
0.0388,0.0622,9.9,0.454,high
0.0143,0.026,19.2,0.177,borderline
0.0214,0.0446,13.7,0.27,moderate
0.0126,0.0141,22.0,0.051,low
0.0356,0.0512,21.0,0.285,moderate
0.0302,0.0334,16.4,0.246,moderate
0.0036,0.0221,19.7,0.058,low
0.027,0.0271,22.4,0.368,moderate
0.0102,0.0284,17.4,0.203,borderline
0.0092,0.0253,23.0,0.078,low
0.0145,0.0211,27.9,0.16,low
0.0533,0.0775,10.2,0.462,high
0.0083,0.0115,23.6,0.183,low
0.0102,0.0171,21.1,0.226,low
0.0457,0.0843,16.2,0.348,high
0.0094,0.0286,24.4,0.098,low
0.0119,0.0279,17.7,0.118,borderline
0.0315,0.0507,16.1,0.214,moderate
0.0288,0.0573,13.5,0.264,moderate
0.04,0.0777,8.0,0.6,high
0.0263,0.0483,16.2,0.3,moderate
0.039,0.063,14.3,0.361,high
0.0104,0.0081,27.9,0.055,low
0.005,0.0095,30.0,0.199,low
0.0481,0.062,12.1,0.403,high
0.0224,0.0592,10.7,0.207,moderate
0.0447,0.07,15.5,0.309,high
0.0201,0.0169,28.6,0.156,low
0.0116,0.0206,19.3,0.152,low
0.0334,0.0658,8.9,0.379,high
0.025,0.0809,13.6,0.478,high
0.0102,0.0059,25.8,0.033,low
0.0196,0.0277,19.0,0.265,moderate
0.0372,0.035,13.4,0.225,moderate
0.035,0.0338,9.1,0.566,high
0.0219,0.0334,16.4,0.185,borderline
0.0189,0.0283,19.5,0.162,borderline
0.0156,0.0207,28.3,0.033,low
0.0364,0.0416,8.0,0.349,moderate
0.0104,0.0147,24.1,0.18,low
0.0166,0.027,23.7,0.217,borderline
0.0149,0.0135,29.7,0.03,low
0.0192,0.0201,24.3,0.129,low
0.015,0.0237,24.5,0.034,low
0.0025,0.005,21.1,0.074,low
0.014,0.0213,23.0,0.055,low
0.025,0.0575,14.7,0.183,moderate
0.0151,0.037,18.4,0.113,borderline
0.0384,0.0661,11.4,0.502,high
0.0035,0.0209,16.8,0.092,low
0.0132,0.0072,20.5,0.069,low
0.026,0.0536,15.6,0.319,moderate
0.0198,0.0341,21.6,0.114,borderline
0.0017,0.0152,24.0,0.143,low
0.0582,0.0423,18.0,0.472,high
0.0452,0.0644,9.0,0.323,high
0.0221,0.0357,25.4,0.162,borderline
0.0255,0.0338,14.5,0.242,moderate
0.0052,0.0248,21.5,0.128,low
0.0111,0.0288,19.4,0.081,low
0.0272,0.0207,18.4,0.228,moderate
0.001,0.0101,24.1,0.138,low
0.0157,0.0378,14.1,0.189,borderline
0.0107,0.0505,18.1,0.155,moderate
0.0071,0.0191,27.4,0.067,low
0.022,0.081,12.5,0.488,high
0.0367,0.085,13.4,0.568,high
0.0018,0.0158,20.2,0.102,low
0.0043,0.0229,15.5,0.142,low
0.0102,0.0258,20.4,0.218,borderline
0.0235,0.0446,15.7,0.165,moderate
0.0307,0.0645,11.0,0.487,high
0.0378,0.0751,10.3,0.446,high
0.0278,0.0421,10.0,0.6,high
0.0191,0.0629,15.5,0.26,moderate
0.0197,0.0416,20.9,0.37,moderate
0.0098,0.0208,28.8,0.14,low
0.0396,0.0673,17.5,0.534,high
0.0203,0.02,23.4,0.161,borderline
0.0164,0.0327,11.4,0.441,moderate
0.001,0.0159,28.5,0.143,low
0.013,0.0235,26.4,0.034,low
0.0229,0.0459,13.6,0.335,moderate
0.0096,0.0078,28.4,0.075,low
0.0088,0.017,26.9,0.03,low
0.0331,0.0783,16.7,0.411,high
0.0285,0.0343,20.3,0.101,borderline
0.0158,0.0091,25.3,0.134,low
0.0336,0.0401,16.2,0.209,moderate
0.0047,0.0191,21.6,0.132,low
0.0053,0.02,21.9,0.188,low
0.0115,0.0255,20.4,0.18,low
0.0356,0.0504,13.7,0.305,high
0.0154,0.0124,27.3,0.112,low
0.0456,0.0604,8.0,0.456,high
0.0088,0.0291,28.4,0.104,low
0.0132,0.0184,18.9,0.234,borderline
0.0066,0.0125,19.1,0.184,low
0.0362,0.0414,17.9,0.284,moderate
0.0391,0.04,10.4,0.327,high
0.0235,0.0481,11.9,0.417,moderate
0.0394,0.055,11.5,0.366,high
0.0274,0.032,18.3,0.311,moderate
0.0139,0.0085,16.5,0.124,low
0.0348,0.0593,21.8,0.536,high
0.015,0.0532,16.8,0.253,moderate
0.002,0.009,17.9,0.033,low
0.0236,0.0467,17.0,0.546,high
0.0439,0.0346,9.4,0.556,high
0.0177,0.0105,25.6,0.081,low
0.0204,0.0203,15.3,0.345,moderate
0.0196,0.0106,27.3,0.06,low
0.0217,0.0321,19.1,0.395,moderate
0.02,0.0261,19.8,0.101,borderline
0.0328,0.0508,17.1,0.422,high
0.0195,0.0306,18.2,0.347,moderate
0.0059,0.0158,15.3,0.036,low
0.0402,0.0482,8.0,0.388,high
0.0119,0.0552,19.7,0.229,moderate
0.0143,0.0194,21.1,0.045,borderline
0.001,0.0153,26.2,0.056,low
0.0391,0.0454,14.8,0.352,high
0.0285,0.0497,8.0,0.497,high
0.0206,0.0259,11.9,0.235,moderate
0.0299,0.0319,20.5,0.473,moderate
0.004,0.0201,22.7,0.124,low
0.0031,0.0267,22.1,0.121,low
0.0228,0.0385,15.7,0.179,moderate
0.0076,0.0262,26.4,0.08,low
0.0065,0.017,21.1,0.204,low
0.0121,0.0269,20.6,0.137,low
0.0295,0.0317,16.1,0.196,moderate
0.0188,0.026,18.3,0.132,borderline
0.0088,0.0174,30.0,0.115,low
0.0337,0.0394,17.2,0.35,moderate
0.0411,0.0653,12.6,0.483,high
0.005,0.0158,27.2,0.075,low
0.0094,0.0165,22.2,0.126,low
0.0169,0.016,21.3,0.13,low
0.0037,0.0164,24.7,0.097,low
0.0113,0.0153,24.9,0.097,low
0.0161,0.0567,13.3,0.279,moderate
0.035,0.0198,16.1,0.272,moderate
0.0189,0.0235,24.1,0.271,borderline
0.0168,0.0279,27.5,0.165,low
0.0426,0.0882,11.3,0.312,high
0.0075,0.0155,21.1,0.03,low
0.0022,0.0172,26.9,0.126,low
0.0085,0.0203,22.4,0.03,low
0.0039,0.019,23.8,0.094,low
0.0431,0.0491,8.0,0.471,high
0.0358,0.0577,20.7,0.383,moderate
0.0071,0.0267,26.9,0.035,low
0.0138,0.0105,19.8,0.114,low
0.0258,0.045,14.2,0.277,moderate
0.0179,0.0105,17.7,0.057,borderline
0.001,0.0144,24.5,0.073,low
0.007,0.0105,30.0,0.03,low
0.021,0.018,18.3,0.352,moderate
0.0572,0.0636,16.9,0.243,high
0.032,0.0632,9.5,0.447,high
0.0059,0.0231,21.2,0.094,low
0.0067,0.0119,30.0,0.065,low
0.0412,0.0862,9.7,0.416,high
0.0212,0.02,24.0,0.03,low
0.039,0.089,19.2,0.6,high
0.0083,0.0246,30.0,0.148,low
0.0511,0.0712,14.0,0.304,high
0.0274,0.0358,12.8,0.408,moderate
0.036,0.0898,8.1,0.525,high
0.0049,0.0249,29.1,0.03,low
0.0202,0.0232,25.9,0.059,borderline
0.0172,0.0146,26.7,0.226,borderline
0.0369,0.0475,14.9,0.256,moderate
0.0166,0.005,26.1,0.06,low
0.0097,0.005,18.9,0.191,low
0.0276,0.0329,15.2,0.349,moderate
0.0066,0.011,30.0,0.069,low
0.0122,0.0167,20.9,0.172,borderline
0.0147,0.0362,16.1,0.267,moderate
0.0051,0.0218,24.5,0.112,low
0.012,0.0287,25.1,0.132,borderline
0.0504,0.0811,18.3,0.577,high
0.0146,0.0253,19.6,0.193,borderline
0.0283,0.0408,10.0,0.372,moderate
0.0194,0.0271,19.4,0.22,borderline
0.001,0.0166,17.7,0.113,low
0.0344,0.0325,21.4,0.306,moderate
0.0069,0.005,14.8,0.03,low
0.027,0.0292,16.6,0.29,moderate
0.0303,0.026,17.0,0.234,borderline
0.0056,0.005,21.2,0.16,low
0.0159,0.0176,19.9,0.094,low
0.0267,0.0594,16.1,0.585,high
0.0198,0.0351,15.4,0.373,moderate
0.0134,0.0132,30.0,0.096,low
0.0342,0.0454,19.5,0.351,high
0.0113,0.0116,26.3,0.143,low
0.0211,0.0381,19.5,0.277,moderate
0.0126,0.0305,16.5,0.177,borderline
0.0261,0.0223,15.6,0.191,moderate
0.0092,0.005,28.7,0.087,low
0.0127,0.007,22.2,0.153,low
0.0246,0.0122,19.4,0.101,low
0.0095,0.0257,23.1,0.295,borderline
0.0162,0.0445,15.8,0.215,moderate
0.0257,0.0499,16.0,0.418,high
0.0083,0.005,26.2,0.07,low
0.0519,0.051,9.8,0.507,high
0.0422,0.0516,14.5,0.314,high
0.0487,0.0581,8.0,0.27,high
0.0126,0.0052,28.7,0.185,low
0.0049,0.0138,27.2,0.16,low
0.0169,0.05,13.7,0.248,moderate
0.0022,0.0249,26.0,0.036,low
0.0289,0.0815,8.0,0.242,high
0.0312,0.0189,15.1,0.248,moderate
0.0014,0.0146,27.2,0.151,low
0.019,0.043,12.5,0.161,moderate
0.0319,0.0552,9.5,0.178,moderate
0.0075,0.0099,23.7,0.03,low
0.0055,0.0169,19.9,0.079,low
0.0489,0.0684,17.4,0.318,high
0.0089,0.0239,30.0,0.109,low
0.0055,0.0167,26.3,0.18,low
0.0342,0.0359,13.1,0.367,moderate
0.0187,0.0162,19.6,0.422,moderate
0.0267,0.0179,15.1,0.178,moderate
0.0449,0.0595,14.8,0.407,high
0.0118,0.0268,22.3,0.091,low
0.001,0.0194,30.0,0.188,low
0.0102,0.0138,26.4,0.093,low
0.0402,0.0535,8.0,0.481,high
0.0246,0.0736,21.5,0.54,high
0.0028,0.0204,24.0,0.083,low
0.0024,0.0206,27.5,0.22,low
0.0195,0.0063,17.5,0.147,low
0.0382,0.0549,8.0,0.252,high
0.0373,0.0273,17.6,0.253,moderate
0.0054,0.0265,30.0,0.093,low
0.052,0.0298,13.8,0.501,high
0.0158,0.0291,14.6,0.314,moderate
0.0277,0.0402,18.6,0.242,moderate
0.023,0.0132,22.8,0.166,borderline
0.0136,0.008,20.8,0.104,low
0.0199,0.0299,19.1,0.107,borderline
0.0362,0.0539,8.0,0.332,high
0.0349,0.0523,15.7,0.355,moderate
0.0171,0.0209,26.7,0.199,borderline
0.0245,0.0363,19.0,0.067,borderline
0.0084,0.0102,26.5,0.03,low
0.0385,0.0418,17.7,0.215,moderate
0.0321,0.0354,21.3,0.314,moderate
0.0375,0.0497,13.9,0.284,high
0.012,0.0523,18.9,0.309,moderate
0.014,0.0112,24.8,0.273,low
0.0377,0.0866,8.1,0.465,high
0.0073,0.0231,23.2,0.123,low
0.0089,0.0142,20.6,0.131,low
0.0077,0.0159,20.8,0.225,borderline
0.0072,0.036,22.6,0.197,low
0.0453,0.0732,8.0,0.6,high
0.0062,0.0072,22.9,0.17,low
0.037,0.0899,14.7,0.338,high
0.0083,0.0113,24.6,0.061,low
0.0091,0.0238,20.9,0.106,low
0.0118,0.0245,21.0,0.157,low
0.0389,0.0419,11.8,0.273,moderate
0.0125,0.005,23.2,0.079,low
0.0111,0.0208,26.2,0.105,low
0.0357,0.0937,9.8,0.558,high
0.0092,0.0115,18.1,0.077,low
0.001,0.0125,27.3,0.097,low
0.0132,0.0401,16.1,0.334,moderate
0.0233,0.0706,14.3,0.379,high
0.0225,0.0312,14.5,0.383,moderate
0.0075,0.0207,21.1,0.095,low
0.0407,0.0923,12.1,0.447,high
0.0209,0.022,20.9,0.229,borderline
0.003,0.0333,27.2,0.168,low
0.0453,0.0449,9.7,0.58,high
0.0127,0.0143,22.4,0.053,low
0.0491,0.0625,14.0,0.386,high
0.0303,0.0313,18.9,0.238,moderate
0.0191,0.0231,26.7,0.187,borderline
0.001,0.0221,26.2,0.03,low
0.0151,0.0362,23.5,0.03,low
0.017,0.053,18.0,0.304,moderate
0.0447,0.0668,20.2,0.496,high
0.0098,0.0327,28.5,0.219,low
0.0105,0.0158,30.0,0.081,low
0.045,0.0414,12.9,0.543,high
0.0363,0.0962,17.5,0.318,high
0.0365,0.0411,21.9,0.343,moderate
0.0275,0.0344,18.4,0.218,moderate
0.0133,0.005,24.1,0.03,low
0.0043,0.0311,19.7,0.183,low
0.0071,0.0238,25.0,0.171,low
0.0065,0.027,23.4,0.119,low
0.0208,0.0154,27.8,0.096,low
0.0133,0.0182,22.3,0.205,low
0.0447,0.0888,15.4,0.434,high
0.0161,0.0087,23.1,0.043,low
0.0218,0.0523,18.9,0.398,moderate
0.005,0.0092,20.0,0.037,low
0.0256,0.0353,15.6,0.273,moderate
0.0451,0.0544,11.9,0.416,high
0.0123,0.0183,25.0,0.128,low
0.0357,0.065,9.4,0.455,high
0.0316,0.0451,14.1,0.371,moderate
0.0132,0.0334,15.6,0.339,moderate
0.018,0.0198,24.3,0.147,low
0.0368,0.0382,15.9,0.303,high
0.0541,0.0695,17.4,0.243,high
0.0195,0.0478,15.2,0.214,moderate
0.0324,0.0407,15.0,0.121,moderate
0.0234,0.0254,24.5,0.274,borderline
0.0063,0.005,30.0,0.03,low
0.0336,0.0438,11.2,0.596,high
0.0314,0.0256,20.6,0.146,moderate
0.0118,0.0095,26.1,0.11,low
0.0159,0.016,29.9,0.185,low
0.0295,0.0386,22.1,0.428,moderate
0.0016,0.0143,26.4,0.089,low
0.0156,0.0348,20.1,0.321,moderate
0.0479,0.0893,19.0,0.419,high
0.0453,0.0862,19.7,0.381,high
0.0097,0.0073,19.9,0.03,low
0.0039,0.0327,22.7,0.252,low
0.0122,0.0094,29.3,0.161,low
0.0175,0.019,19.8,0.318,borderline
0.0401,0.0413,18.1,0.266,moderate
0.0537,0.0564,16.0,0.371,high
0.0062,0.021,27.9,0.098,low
0.0044,0.021,27.2,0.158,low
0.0162,0.0375,20.5,0.164,borderline
0.0063,0.021,25.6,0.175,low
0.0141,0.0168,16.9,0.245,borderline
0.0164,0.0169,18.5,0.089,low
0.0125,0.0191,27.6,0.229,low
0.0219,0.0138,21.9,0.03,borderline
0.0534,0.0695,12.9,0.296,high
0.007,0.0113,20.6,0.032,low
0.0226,0.0166,19.1,0.088,borderline
0.0266,0.0568,19.9,0.344,moderate
0.0109,0.0143,26.9,0.194,low
0.0092,0.005,27.8,0.177,low
0.0292,0.0553,13.2,0.436,high
0.0137,0.0268,21.6,0.168,borderline
0.0039,0.0175,21.4,0.146,low
0.0239,0.0356,20.9,0.309,moderate
0.0173,0.0101,24.3,0.05,low
0.0176,0.0065,20.8,0.081,low
0.0121,0.0148,30.0,0.147,low
0.0543,0.0349,15.4,0.461,high
0.0081,0.005,24.2,0.157,low
0.0163,0.0165,30.0,0.153,low
0.0351,0.0432,20.6,0.403,moderate
0.0195,0.0091,28.2,0.048,low
0.0366,0.0097,14.4,0.116,moderate
0.0365,0.0687,14.5,0.6,high
0.0186,0.0342,20.8,0.115,moderate
0.0334,0.0521,18.2,0.356,moderate
0.0038,0.0151,17.5,0.144,borderline
0.0411,0.0518,19.4,0.176,moderate
0.0082,0.0172,27.9,0.03,low
0.0212,0.0356,18.5,0.292,moderate
0.0207,0.049,12.5,0.378,moderate
0.0076,0.0153,26.6,0.08,low
0.0583,0.0472,18.0,0.239,high
0.0396,0.0521,10.5,0.392,high
0.0262,0.0411,16.1,0.206,moderate
0.0181,0.028,27.7,0.039,borderline
0.0124,0.028,24.0,0.035,low
0.023,0.051,11.7,0.127,moderate
0.0136,0.018,16.5,0.125,low
0.0065,0.022,26.2,0.03,low
0.0244,0.0533,17.9,0.348,moderate
0.0064,0.009,26.2,0.173,low
0.0305,0.0309,13.9,0.315,moderate
0.001,0.0207,27.6,0.135,low
0.0241,0.0196,15.7,0.04,borderline
0.0279,0.0399,17.8,0.294,moderate
0.0071,0.022,20.2,0.047,low
0.0352,0.0394,16.3,0.255,moderate
0.0191,0.0259,30.0,0.071,low
0.0169,0.0419,19.4,0.273,moderate
0.0185,0.0358,22.0,0.03,low
0.0174,0.0501,15.4,0.322,moderate
0.0515,0.0738,12.9,0.345,high
0.0329,0.0984,8.0,0.512,high
0.001,0.005,25.9,0.167,low
0.0257,0.0678,14.6,0.35,high
0.024,0.0275,15.0,0.188,moderate
0.0143,0.0251,16.8,0.03,low
0.002,0.013,25.9,0.03,low
0.0031,0.0239,23.8,0.178,low
0.0049,0.0091,24.4,0.12,low
0.0157,0.0089,16.9,0.229,borderline
0.0103,0.0227,30.0,0.085,low
0.0057,0.0135,21.4,0.146,low
0.0063,0.0185,16.7,0.052,low
0.023,0.013,22.0,0.269,borderline
0.0148,0.022,28.5,0.072,low
0.0244,0.0279,20.8,0.242,borderline
0.0106,0.0173,30.0,0.148,low
0.0022,0.0108,30.0,0.139,low
0.0219,0.0251,15.6,0.293,borderline
0.0232,0.0277,18.8,0.425,moderate
0.056,0.0672,11.7,0.303,high
0.0205,0.0062,23.6,0.098,low
0.0093,0.0254,28.2,0.238,low
0.0073,0.0113,26.6,0.095,low
0.0137,0.0187,28.3,0.176,low
0.0355,0.0485,15.3,0.351,moderate
0.0424,0.0348,8.2,0.48,high
0.0158,0.0384,20.6,0.373,moderate
0.0039,0.0362,17.2,0.203,low
0.003,0.019,21.2,0.044,low
0.0205,0.056,16.7,0.384,moderate
0.0186,0.0572,16.6,0.253,moderate
0.0156,0.0174,27.1,0.03,low
0.0105,0.005,30.0,0.064,low
0.0188,0.0307,19.1,0.215,borderline
0.0039,0.0189,21.4,0.117,low
0.0238,0.0513,15.6,0.372,moderate
0.0048,0.0209,22.6,0.112,low
0.0338,0.0769,9.3,0.5,high
0.0026,0.005,23.0,0.138,low
0.005,0.005,29.6,0.03,low
0.0069,0.0184,30.0,0.203,low
0.0282,0.0381,16.8,0.229,moderate
0.001,0.0096,27.7,0.075,low
0.0342,0.0426,14.5,0.363,high
0.0078,0.0265,16.6,0.047,low
0.0448,0.0538,12.3,0.6,high
0.0129,0.005,26.2,0.146,low
0.0262,0.0218,19.7,0.205,borderline
0.0238,0.0406,18.1,0.421,moderate
0.0391,0.0388,12.0,0.552,high
0.0399,0.0817,14.9,0.326,high
0.0199,0.0382,20.2,0.394,moderate
0.019,0.007,21.5,0.142,low
0.0387,0.0862,8.0,0.433,high
0.029,0.0272,23.0,0.392,moderate
0.0122,0.0177,27.5,0.074,low
0.0185,0.005,20.5,0.168,low
0.0109,0.0097,30.0,0.093,low
0.0286,0.0524,15.9,0.344,moderate
0.0379,0.0482,10.5,0.235,high
0.0403,0.0657,10.8,0.491,high
0.0093,0.0308,17.9,0.063,borderline
0.0064,0.019,24.4,0.12,low
0.0246,0.0513,13.4,0.231,moderate
0.0113,0.0137,19.2,0.04,borderline
0.0348,0.0611,13.3,0.417,high
0.0068,0.005,28.3,0.166,low
0.0381,0.0688,10.9,0.286,high
0.0122,0.0345,27.3,0.161,low
0.014,0.0146,30.0,0.035,low
0.0079,0.0366,18.8,0.123,low
0.005,0.005,20.0,0.255,low
0.0085,0.0252,23.1,0.087,low
0.0087,0.0155,25.1,0.143,borderline
0.0252,0.048,20.2,0.147,moderate
0.0141,0.0198,17.3,0.257,borderline
0.0358,0.0491,14.5,0.428,high
0.0144,0.0309,29.9,0.096,low
0.0119,0.0193,21.3,0.03,low
0.0166,0.0335,19.6,0.24,borderline
0.0352,0.0719,13.6,0.397,high
0.03,0.0488,17.1,0.351,moderate
0.027,0.0299,14.4,0.181,borderline
0.0076,0.0067,22.2,0.03,low
0.0461,0.0903,11.9,0.573,high
0.0182,0.0168,23.6,0.034,low
0.0264,0.0284,19.0,0.223,moderate
0.0227,0.0274,20.2,0.182,borderline
0.0222,0.0196,17.5,0.392,moderate
0.0271,0.0432,8.0,0.289,moderate
0.0185,0.0316,21.5,0.326,borderline
0.0045,0.0199,23.1,0.11,low
0.0294,0.0776,8.0,0.392,high
0.0358,0.0542,8.2,0.5,high
0.0523,0.0674,13.3,0.444,high
0.0061,0.0298,29.8,0.163,low
0.0047,0.0147,30.0,0.03,low
0.0028,0.0169,28.6,0.121,low
0.0194,0.0068,15.1,0.092,borderline
0.0149,0.005,24.5,0.067,low
0.0376,0.0585,16.9,0.369,moderate
0.0194,0.0785,9.1,0.358,high
0.0383,0.0445,8.0,0.499,high
0.0113,0.0123,28.7,0.03,low
0.0349,0.0399,12.6,0.449,high
0.007,0.0162,30.0,0.086,low
0.0335,0.0394,10.5,0.222,high
0.0083,0.0324,20.3,0.12,borderline
0.0123,0.0205,30.0,0.094,low
0.0189,0.0244,26.0,0.055,low
0.0297,0.0429,17.1,0.304,moderate
0.0329,0.036,14.1,0.364,high
0.0148,0.0321,23.6,0.164,borderline
0.0302,0.032,21.9,0.153,borderline
0.0042,0.0176,19.8,0.072,low
0.036,0.0376,11.3,0.277,moderate
0.0253,0.0193,14.8,0.253,moderate
0.021,0.028,16.1,0.091,moderate
0.0353,0.0491,16.5,0.332,moderate
0.0086,0.0286,22.1,0.259,low
0.0182,0.0123,17.7,0.31,borderline
0.001,0.0126,20.7,0.19,low
0.0283,0.0529,17.0,0.294,moderate
0.0308,0.0485,10.8,0.43,high
0.0408,0.0382,8.0,0.333,high
0.0243,0.0342,15.2,0.313,moderate
0.0351,0.0432,15.1,0.422,high
0.0304,0.0442,16.2,0.423,moderate
0.0116,0.0253,27.7,0.124,low
0.0132,0.0103,20.0,0.148,borderline
0.0145,0.0182,22.5,0.146,low
0.0339,0.0498,9.8,0.318,moderate
0.0597,0.0628,13.9,0.321,high
0.0098,0.0173,19.0,0.307,low
0.0034,0.0136,29.4,0.124,low
0.0385,0.0721,14.1,0.418,high
0.0054,0.0361,18.9,0.03,low
0.0302,0.0421,12.8,0.405,high
0.0372,0.0472,14.1,0.417,moderate
0.047,0.0809,11.0,0.488,high
0.012,0.0226,20.3,0.05,low
0.0296,0.0277,16.3,0.14,moderate
0.0307,0.0447,9.5,0.416,high
0.0241,0.0169,27.2,0.163,borderline
0.0144,0.0221,18.2,0.225,borderline
0.0173,0.0408,19.3,0.204,borderline
0.0158,0.0205,16.0,0.106,low
0.0166,0.0132,21.0,0.118,low
0.0278,0.0482,19.7,0.289,moderate
0.0368,0.0351,16.8,0.292,moderate
0.0293,0.0639,15.9,0.384,moderate
0.0105,0.0413,15.0,0.418,moderate
0.0298,0.0282,17.3,0.435,moderate
0.0148,0.008,27.0,0.149,low
0.0321,0.0322,16.5,0.495,high
0.0126,0.025,19.2,0.195,borderline
0.0061,0.0103,21.2,0.114,low
0.0127,0.0138,24.8,0.204,borderline
0.023,0.0253,17.4,0.198,moderate
0.0246,0.0381,9.5,0.427,high
0.0241,0.0345,11.8,0.179,moderate
0.0067,0.0183,21.0,0.208,borderline
0.0379,0.0446,9.8,0.304,moderate
0.0201,0.0408,24.6,0.14,borderline
0.0198,0.0271,19.3,0.169,borderline
0.0272,0.0652,17.7,0.351,high
0.0217,0.053,19.2,0.215,moderate
0.0102,0.0228,20.3,0.08,low
0.0069,0.0122,30.0,0.068,low
0.0538,0.0598,17.3,0.468,high
0.0389,0.0288,21.0,0.246,moderate
0.0241,0.0303,8.0,0.347,moderate
0.0158,0.0254,22.0,0.153,borderline
0.0031,0.0096,21.5,0.175,low
0.0043,0.0483,20.0,0.147,moderate
0.0141,0.0176,23.3,0.159,low
0.0267,0.0766,9.5,0.382,high
0.0029,0.0206,26.3,0.163,low
0.037,0.0353,13.0,0.386,moderate
0.0076,0.0094,28.5,0.058,low
0.0069,0.0199,17.9,0.099,low
0.0357,0.0819,17.2,0.522,high
0.0469,0.0571,18.6,0.469,high
0.0106,0.02,24.9,0.091,low
0.0297,0.0208,13.2,0.211,moderate
0.0358,0.0348,19.3,0.203,moderate
0.012,0.0127,20.8,0.155,low
0.0134,0.0094,29.6,0.034,low
0.0206,0.065,10.1,0.392,high
0.0511,0.0933,9.6,0.512,high
0.0364,0.0482,12.3,0.328,high
0.0192,0.0145,30.0,0.102,low
0.0105,0.005,25.5,0.1,low
0.0193,0.0563,17.8,0.306,moderate
0.0161,0.0405,12.8,0.416,moderate
0.0396,0.0589,17.2,0.421,high
0.0398,0.0229,16.9,0.308,moderate
0.0305,0.0288,18.8,0.158,moderate
0.0334,0.0512,20.8,0.348,moderate
0.0225,0.0632,8.0,0.337,moderate
0.001,0.0182,24.7,0.13,low
0.027,0.032,11.8,0.208,moderate
0.0294,0.0467,14.2,0.441,high
0.008,0.0052,29.0,0.135,low
0.0185,0.0181,26.5,0.071,low
0.0067,0.02,27.9,0.233,low
0.0172,0.0414,17.5,0.211,borderline
0.013,0.0193,20.4,0.29,borderline
0.0127,0.0125,24.6,0.057,low
0.0199,0.034,21.8,0.112,borderline
0.0367,0.0517,16.6,0.503,high
0.0145,0.0212,25.4,0.032,low
0.034,0.0342,12.4,0.319,high
0.0094,0.0164,30.0,0.11,low
0.0103,0.0186,21.1,0.126,low
0.0013,0.005,25.0,0.062,low
0.0345,0.0263,18.5,0.195,moderate
0.0208,0.0294,21.4,0.14,borderline
0.0179,0.0091,23.9,0.128,borderline
0.0079,0.0209,21.0,0.142,low
0.0048,0.0173,27.8,0.104,low
0.0267,0.0406,20.4,0.386,moderate
0.0138,0.0276,24.7,0.147,low
0.0116,0.0291,19.4,0.281,borderline
0.0531,0.0819,16.6,0.339,high
0.0229,0.033,14.2,0.254,moderate
0.03,0.0372,17.6,0.182,moderate
0.0075,0.0196,26.7,0.048,low
0.0383,0.0467,16.8,0.538,high
0.0438,0.0949,10.2,0.6,high
0.0541,0.0856,11.2,0.599,high
0.0245,0.0442,19.8,0.337,moderate
0.029,0.032,24.8,0.178,moderate
0.0163,0.031,20.6,0.374,moderate
0.0394,0.0574,18.5,0.266,high
0.0028,0.0223,17.8,0.039,low
0.0059,0.005,25.6,0.132,low
0.0102,0.0074,29.0,0.057,low
0.0191,0.0176,21.5,0.174,borderline
0.0241,0.0287,14.7,0.328,moderate
0.0597,0.061,10.2,0.498,high
0.0051,0.018,14.7,0.03,low
0.0366,0.0337,17.2,0.337,moderate
0.0142,0.0316,23.0,0.096,low
0.0107,0.0256,24.9,0.159,low
0.0438,0.0491,12.5,0.522,high
0.0412,0.0761,12.7,0.497,high
0.0043,0.0256,26.3,0.03,low
0.044,0.0734,23.0,0.33,high
0.0052,0.0168,21.8,0.159,low
0.0253,0.0355,13.7,0.215,moderate
0.0065,0.0133,19.9,0.128,low
0.0046,0.0178,27.8,0.178,low
0.0066,0.005,29.0,0.133,low
0.0131,0.0132,27.1,0.064,low
0.0012,0.0388,16.7,0.122,borderline
0.0149,0.0345,10.5,0.258,moderate
0.0303,0.0311,19.7,0.228,borderline
0.009,0.0117,30.0,0.044,low
0.0038,0.005,23.0,0.123,low
0.0085,0.0222,17.8,0.13,low
0.0355,0.0452,17.4,0.336,moderate
0.0061,0.0066,21.8,0.119,low
0.0053,0.0215,26.2,0.187,low
0.0168,0.0524,18.0,0.198,moderate
0.0124,0.025,22.3,0.156,low
0.0361,0.038,19.0,0.328,moderate
0.0062,0.0193,24.9,0.092,low
0.0256,0.0269,17.7,0.285,moderate
0.0273,0.0576,13.7,0.314,moderate
0.0044,0.0101,22.1,0.063,low
0.0076,0.0175,19.5,0.152,low
0.0217,0.0278,17.6,0.22,borderline
0.0103,0.0213,21.5,0.046,low
0.03,0.0341,19.8,0.19,borderline
0.011,0.025,25.3,0.09,low
0.022,0.0236,21.7,0.208,borderline
0.0148,0.0211,26.2,0.073,low
0.0135,0.0205,23.8,0.174,low
0.0254,0.0489,17.7,0.444,moderate
0.004,0.0124,24.3,0.04,low
0.0265,0.0169,14.1,0.443,moderate
0.0184,0.0261,8.9,0.313,moderate
0.0187,0.027,29.6,0.126,low
0.006,0.0184,25.3,0.156,low
0.006,0.021,29.1,0.179,low
0.0308,0.0435,18.5,0.432,moderate
0.0155,0.024,25.9,0.108,low
0.0145,0.0241,25.6,0.07,low
0.0046,0.0119,22.4,0.03,low
0.0082,0.0121,23.2,0.03,low
0.0083,0.0234,15.8,0.069,low
0.0113,0.0093,26.2,0.125,low
0.0309,0.0443,14.9,0.416,moderate
0.0156,0.0324,14.4,0.315,moderate
0.0191,0.0356,16.7,0.322,moderate
0.0166,0.0377,20.0,0.231,moderate
0.0447,0.0582,8.0,0.487,high
0.0063,0.0138,18.9,0.101,low
0.0395,0.0784,16.6,0.338,high
0.001,0.0165,20.2,0.16,low
0.0176,0.0166,18.3,0.231,borderline
0.0465,0.0662,21.0,0.308,high
0.0205,0.0168,20.8,0.06,borderline
0.0253,0.0451,21.6,0.237,moderate
0.0282,0.0656,15.1,0.423,high
0.0145,0.009,26.7,0.03,low
0.0041,0.0203,26.1,0.03,low
0.0289,0.0447,18.8,0.353,moderate
0.057,0.0744,13.6,0.526,high
0.0163,0.0284,22.6,0.126,borderline
0.0507,0.0772,8.0,0.344,high
0.0179,0.0343,10.4,0.289,moderate
0.0065,0.009,27.5,0.031,low
0.0232,0.0154,18.0,0.315,moderate
0.0051,0.0104,29.6,0.089,low
0.0213,0.0306,18.5,0.199,moderate
0.0121,0.0187,20.0,0.114,borderline
0.015,0.0396,16.2,0.307,moderate
0.001,0.0213,15.8,0.124,low
0.0162,0.0094,24.2,0.103,low
0.0212,0.0479,8.5,0.486,high
0.0252,0.0371,17.6,0.306,moderate
0.0047,0.0144,19.2,0.162,low
0.0107,0.0172,23.0,0.156,low
0.0111,0.0187,20.8,0.03,low
0.0076,0.0192,20.0,0.072,low
0.0072,0.005,21.1,0.206,low
0.0252,0.0273,22.9,0.182,borderline
0.0066,0.0173,27.1,0.18,low
0.0307,0.0544,21.2,0.368,moderate
0.001,0.0201,25.3,0.115,low
0.0201,0.0302,21.3,0.187,borderline
0.0141,0.0462,21.0,0.341,moderate
0.0164,0.029,24.6,0.198,borderline
0.0275,0.0223,18.8,0.116,moderate
0.0401,0.0489,15.0,0.348,high
0.015,0.0226,17.8,0.193,borderline
0.0042,0.0389,22.8,0.193,borderline
0.011,0.005,15.7,0.118,low
0.0254,0.0209,21.5,0.263,borderline
0.0084,0.0154,18.6,0.037,low
0.037,0.0431,8.7,0.352,moderate
0.0309,0.0201,17.3,0.245,moderate
0.0051,0.0209,26.0,0.07,low
0.0016,0.0157,29.7,0.15,low
0.0177,0.0471,18.3,0.46,moderate
0.0064,0.0212,25.0,0.049,low
0.0126,0.0257,26.1,0.14,low
0.0216,0.0514,10.7,0.527,high
0.0114,0.0214,23.3,0.277,borderline
0.0118,0.0109,28.9,0.235,low
0.0397,0.0573,10.1,0.418,high
0.0101,0.0198,20.1,0.13,low
0.0208,0.0279,22.7,0.077,borderline
0.0468,0.0539,8.0,0.417,high
0.0067,0.0173,21.4,0.071,low
0.027,0.0258,17.1,0.382,moderate
0.0084,0.0103,15.5,0.03,low
0.0294,0.0833,9.1,0.6,high
0.0221,0.0316,17.3,0.316,moderate
0.0455,0.0488,20.3,0.432,high
0.0314,0.0222,14.8,0.241,moderate
0.0259,0.0439,10.3,0.292,moderate
0.0191,0.0453,18.0,0.154,moderate
0.0407,0.0608,16.0,0.365,high
0.0126,0.0067,22.4,0.087,low
0.0479,0.0802,8.0,0.519,high
0.0063,0.0328,20.6,0.156,borderline
0.0242,0.0352,18.4,0.199,borderline
0.0094,0.0194,17.3,0.086,low
0.0268,0.0819,15.3,0.515,high
0.03,0.0505,8.0,0.299,moderate
0.0012,0.0166,25.4,0.158,low
0.0194,0.0332,21.2,0.241,borderline
0.0385,0.0436,21.7,0.197,moderate
0.0092,0.0162,30.0,0.096,low
0.0153,0.0109,23.7,0.067,low
0.0101,0.0156,27.1,0.088,low
0.0218,0.0176,23.1,0.188,borderline
0.0068,0.0326,21.7,0.283,borderline
0.0071,0.0123,27.2,0.137,low
0.0191,0.0356,8.0,0.348,moderate
0.0154,0.0088,28.0,0.129,low
0.0233,0.0093,25.7,0.136,borderline
0.0188,0.0298,20.5,0.187,borderline
0.0267,0.0153,19.2,0.316,borderline
0.0576,0.0432,8.0,0.554,high
0.0133,0.0153,14.3,0.217,borderline
0.0102,0.0188,15.9,0.106,borderline
0.0143,0.0195,27.6,0.05,low
0.0114,0.0104,21.1,0.084,low
0.0498,0.0676,17.0,0.444,high
0.0222,0.0233,18.2,0.36,moderate
0.0067,0.0186,29.3,0.03,low
0.0165,0.023,18.7,0.351,borderline
0.0237,0.0303,25.6,0.091,borderline
0.019,0.0375,20.3,0.176,borderline
0.001,0.0232,24.0,0.184,low
0.01,0.0161,21.6,0.055,low
0.0377,0.0623,23.3,0.329,moderate
0.0246,0.0424,12.7,0.556,high
0.0035,0.0062,27.8,0.121,low
0.013,0.0258,21.4,0.058,low
0.0348,0.0753,11.5,0.259,high
0.0229,0.0186,26.3,0.289,borderline
0.0118,0.0151,26.4,0.132,low
0.0144,0.0224,20.5,0.03,low
0.0278,0.0153,22.3,0.124,borderline
0.0332,0.0365,22.1,0.195,moderate
0.0152,0.011,26.0,0.156,low
0.001,0.0186,20.1,0.048,low
0.0484,0.029,13.8,0.294,high
0.0087,0.0215,21.2,0.113,low
0.039,0.0682,12.5,0.452,high
0.0181,0.0182,28.5,0.172,low
0.0255,0.0257,10.9,0.338,moderate
0.0406,0.0772,10.2,0.295,high
0.0264,0.0271,16.5,0.412,moderate
0.0061,0.0134,30.0,0.118,low
0.001,0.0275,16.0,0.052,low
0.0168,0.0297,21.9,0.169,low
0.0194,0.0175,30.0,0.03,low
0.0044,0.0164,28.9,0.104,low
0.013,0.0301,11.5,0.208,moderate
0.0461,0.0662,17.6,0.419,high
0.0073,0.0219,15.3,0.263,moderate
0.0395,0.0755,17.4,0.6,high
0.0205,0.0224,18.0,0.206,borderline
0.0174,0.0248,19.6,0.133,borderline
0.0384,0.0587,17.1,0.405,high
0.025,0.0132,22.2,0.211,borderline
0.0236,0.0165,17.9,0.234,moderate
0.0217,0.013,21.6,0.113,low
0.0059,0.0273,30.0,0.055,low
0.0359,0.045,23.2,0.124,moderate
0.0313,0.0466,11.9,0.213,moderate
0.0151,0.0313,22.9,0.189,borderline
0.0155,0.0255,24.2,0.287,low
0.0056,0.0126,23.0,0.115,low
0.0155,0.0479,13.4,0.152,moderate
0.012,0.0271,22.0,0.042,low
0.0305,0.0256,18.6,0.296,moderate
0.0199,0.0238,21.2,0.067,low
0.0049,0.0087,29.8,0.183,low
0.0285,0.0304,23.8,0.25,borderline
0.0313,0.0211,19.5,0.406,moderate
0.0495,0.0595,8.0,0.261,high
0.0154,0.0187,16.9,0.115,low
0.0111,0.0064,29.3,0.126,low
0.0289,0.0797,17.0,0.371,high
0.0426,0.0633,14.5,0.222,high
0.0135,0.024,25.5,0.159,low
0.0171,0.0232,22.2,0.188,borderline
0.0155,0.0521,23.1,0.258,moderate
0.0085,0.0336,20.9,0.165,borderline
0.0366,0.0709,17.5,0.316,high
0.0215,0.0165,20.0,0.378,moderate
0.0333,0.0243,16.5,0.433,moderate
0.0126,0.0349,25.7,0.03,low
0.0041,0.013,20.8,0.151,low
0.0064,0.0139,19.8,0.123,low
0.0249,0.0478,21.0,0.396,moderate
0.0222,0.0434,18.9,0.349,moderate
0.0372,0.0425,14.4,0.478,high
0.0463,0.0456,13.2,0.538,high
0.0356,0.0455,16.2,0.333,moderate
0.0147,0.0226,27.1,0.117,low
0.0158,0.0258,23.5,0.273,borderline
0.001,0.0163,24.3,0.048,low
0.0514,0.0424,14.1,0.39,high
0.0155,0.0261,24.7,0.217,low
0.0178,0.0194,23.0,0.152,borderline
0.0114,0.0166,16.3,0.335,borderline
0.0507,0.0872,24.5,0.467,high
0.0276,0.054,12.3,0.211,moderate
0.0334,0.0574,15.3,0.3,moderate
0.0277,0.0296,18.7,0.107,moderate
0.0425,0.0441,11.2,0.511,high
0.0074,0.013,29.3,0.159,low
0.0021,0.0172,22.9,0.068,low
0.0123,0.0162,30.0,0.22,low
0.0362,0.0348,16.3,0.231,moderate
0.0057,0.005,24.1,0.106,low
0.0159,0.0312,15.1,0.505,moderate
0.0344,0.0814,8.7,0.49,high
0.0171,0.0392,17.2,0.411,moderate
0.0137,0.0324,21.6,0.1,borderline
0.0279,0.0287,23.3,0.306,moderate
0.0107,0.02,19.6,0.085,borderline
0.0514,0.0441,17.1,0.374,high
0.0285,0.0491,14.2,0.572,high
0.0276,0.0554,15.1,0.399,high
0.0263,0.0318,14.4,0.295,borderline
0.0468,0.0813,9.1,0.497,high
0.0264,0.0438,19.4,0.299,moderate
0.001,0.0142,25.4,0.03,low
0.0307,0.0253,14.9,0.415,moderate
0.001,0.0285,27.6,0.037,low
0.0388,0.0757,11.1,0.368,high
0.025,0.0439,20.6,0.22,moderate
0.027,0.0889,14.7,0.574,high
0.0052,0.0155,23.5,0.143,low
0.0092,0.0091,24.1,0.05,low
0.0319,0.0436,14.2,0.47,high
0.001,0.016,26.2,0.03,low
0.015,0.0141,13.9,0.065,low
0.0115,0.0311,22.4,0.166,borderline
0.0117,0.0083,30.0,0.078,low
0.0329,0.0546,17.0,0.368,moderate
0.0228,0.0427,17.6,0.408,moderate
0.0169,0.0246,17.9,0.203,borderline
0.009,0.0174,28.7,0.128,low
0.0108,0.0202,29.3,0.174,low
0.0291,0.0268,22.6,0.195,borderline
0.0127,0.036,25.2,0.236,borderline
0.0293,0.0687,13.5,0.438,high
0.0134,0.0147,21.1,0.12,low
0.0137,0.0272,21.7,0.179,borderline
0.0318,0.0569,9.6,0.6,high
0.0146,0.0211,26.0,0.071,low
0.001,0.0124,26.9,0.03,low
0.0218,0.0477,14.7,0.344,moderate
0.0263,0.0554,16.3,0.391,high
0.0321,0.049,11.7,0.2,moderate
0.0126,0.0166,27.0,0.138,low
0.0027,0.016,22.3,0.073,low
0.0311,0.0606,8.9,0.45,high
0.0074,0.0154,19.7,0.054,low
0.0151,0.0079,25.2,0.143,low
0.001,0.021,28.9,0.195,low
0.0083,0.0146,19.8,0.134,low
0.0457,0.0803,12.5,0.393,high
0.0166,0.0292,12.7,0.086,borderline
0.0022,0.0167,29.9,0.102,low
0.0069,0.0156,22.7,0.131,low
0.0198,0.0706,15.5,0.313,high
0.0086,0.0207,14.7,0.12,low
0.0333,0.0443,17.8,0.261,moderate
0.0599,0.0615,10.1,0.484,high
0.0022,0.0119,23.8,0.112,low
0.0489,0.0441,13.2,0.445,high
0.0063,0.013,25.4,0.135,low
0.0164,0.0138,25.1,0.222,borderline
0.0073,0.0073,23.7,0.166,low
0.0046,0.0153,25.5,0.215,low
0.0059,0.0112,27.0,0.194,low
0.0218,0.0237,16.1,0.172,borderline
0.0177,0.0127,21.6,0.148,borderline
0.0191,0.0143,25.8,0.069,low
0.0092,0.0055,16.2,0.112,low
0.0225,0.0563,8.0,0.355,high
0.0168,0.0491,22.6,0.245,moderate
0.0351,0.0453,13.4,0.451,high
0.016,0.0281,22.9,0.265,borderline
0.0094,0.0231,27.9,0.107,low
0.0167,0.0275,13.9,0.33,moderate
0.0242,0.0223,14.4,0.321,moderate
0.0063,0.0241,22.8,0.188,low
0.0112,0.0052,21.0,0.18,low
0.0118,0.0133,23.9,0.115,low
0.007,0.0201,30.0,0.253,low
0.033,0.0485,26.5,0.297,moderate
0.0077,0.0134,25.2,0.208,low
0.001,0.0082,21.5,0.031,low
0.0034,0.0176,25.4,0.078,low
0.0184,0.0101,23.8,0.109,low
0.0069,0.0218,22.8,0.096,low
0.0111,0.025,19.3,0.119,borderline
0.0381,0.0439,13.7,0.319,moderate
0.0359,0.0415,15.3,0.335,moderate
0.0483,0.0596,17.5,0.511,high
0.0273,0.0289,24.4,0.101,borderline
0.0264,0.0354,18.8,0.234,moderate
0.042,0.03,15.5,0.519,high
0.0317,0.0747,10.0,0.426,high
0.0084,0.0053,24.6,0.089,low
0.0368,0.0324,21.2,0.175,moderate
0.0117,0.0208,22.5,0.2,low
0.024,0.011,25.0,0.126,low
0.0282,0.0348,19.1,0.381,moderate
0.0026,0.0255,17.6,0.092,low
0.0152,0.0125,19.7,0.118,low
0.0507,0.0808,8.0,0.287,high
0.0118,0.0315,20.9,0.123,low
0.0316,0.0183,19.9,0.456,moderate
0.003,0.0319,24.0,0.285,borderline
0.0045,0.0228,19.8,0.138,low
0.018,0.0329,10.5,0.422,moderate
0.0308,0.0521,17.0,0.309,moderate
0.0308,0.037,15.5,0.287,moderate
0.0207,0.0142,24.1,0.139,low
0.0192,0.0304,26.9,0.03,low
0.0085,0.017,25.7,0.166,low
0.0089,0.0054,26.2,0.226,low
0.0183,0.0305,19.7,0.05,borderline
0.0391,0.0311,17.4,0.38,moderate
0.0098,0.0231,26.0,0.095,low
0.0217,0.07,13.6,0.227,high
0.0352,0.07,11.3,0.301,high
0.0542,0.0558,18.5,0.492,high
0.0398,0.053,8.0,0.458,high
0.0184,0.0298,10.4,0.416,moderate
0.0221,0.0218,18.5,0.423,moderate
0.012,0.0142,21.4,0.056,low
0.0473,0.0612,20.3,0.436,high
0.0455,0.0653,13.8,0.496,high
0.0179,0.0351,15.7,0.173,borderline
0.0249,0.0172,26.1,0.214,borderline
0.0322,0.0404,11.7,0.255,moderate
0.0129,0.0374,19.5,0.298,moderate
0.0444,0.0463,19.1,0.501,high
0.0069,0.0053,22.8,0.041,low
0.0042,0.0315,25.1,0.061,low
0.0162,0.0099,25.6,0.108,low
0.0171,0.0201,26.5,0.056,low
0.0257,0.0403,20.4,0.435,moderate
0.0076,0.0178,27.5,0.051,low
0.0436,0.0727,14.7,0.421,high
0.0075,0.0188,24.6,0.177,low
0.012,0.005,26.3,0.183,low
0.0085,0.0148,24.5,0.03,low
0.0071,0.0136,27.3,0.172,low
0.0188,0.005,22.8,0.052,low
0.0064,0.0178,24.7,0.108,low
0.0195,0.0386,20.9,0.273,borderline
0.0193,0.018,23.7,0.158,borderline
0.0089,0.0104,19.3,0.085,low
0.0064,0.009,28.5,0.257,low
0.0439,0.0702,9.2,0.352,high
0.0139,0.0181,21.4,0.03,low
0.0171,0.0098,23.2,0.141,low
0.0161,0.0089,20.4,0.189,borderline
0.0079,0.0204,25.8,0.143,low
0.0047,0.0147,28.7,0.03,low
0.0254,0.0442,12.3,0.37,high
0.0376,0.0535,14.4,0.146,moderate
0.013,0.0205,25.9,0.157,low
0.0313,0.0574,18.8,0.177,moderate
0.0204,0.0491,16.4,0.215,moderate
0.0365,0.0727,19.5,0.515,high
0.0232,0.0285,30.0,0.1,low
0.0126,0.0103,21.7,0.109,low
0.0116,0.011,17.1,0.116,low
0.0229,0.0501,19.7,0.36,moderate
0.0102,0.0077,29.3,0.103,low
0.0347,0.0498,21.5,0.517,high
0.013,0.0223,27.7,0.037,low
0.0262,0.031,16.9,0.138,moderate
0.0169,0.0258,25.9,0.182,borderline
0.0277,0.0348,20.1,0.363,moderate
0.0117,0.0108,22.9,0.082,low
0.0204,0.0537,15.6,0.314,moderate
0.0051,0.0128,27.6,0.101,low
0.0069,0.0157,21.3,0.031,low
0.0077,0.0104,27.4,0.169,low
0.0176,0.027,21.8,0.217,moderate
0.0134,0.0256,17.3,0.042,low
0.0274,0.0346,11.6,0.215,moderate
0.0185,0.0274,18.6,0.408,moderate
0.01,0.0402,16.8,0.16,borderline
0.0167,0.0329,23.3,0.251,moderate
0.0114,0.0257,27.8,0.069,low
0.0088,0.0164,24.6,0.054,low
0.0129,0.0139,23.7,0.03,low
0.0126,0.0114,19.0,0.167,low
0.0082,0.0218,25.5,0.228,low
0.0061,0.0198,21.5,0.051,low
0.0105,0.005,25.8,0.074,low
0.0269,0.0361,11.0,0.439,high
0.0273,0.0444,14.3,0.328,moderate
0.001,0.0162,26.8,0.034,low
0.0056,0.0078,30.0,0.083,low
0.0151,0.0296,17.1,0.099,borderline
0.0135,0.0125,22.5,0.03,low
0.0029,0.0165,20.7,0.15,low
0.0077,0.0146,17.7,0.03,low
0.0509,0.0502,9.5,0.342,high
0.0244,0.0367,13.6,0.213,moderate
0.006,0.0137,24.6,0.03,low
0.0446,0.0475,10.2,0.536,high
0.0195,0.0322,12.5,0.255,borderline
0.0168,0.0089,15.9,0.259,low
0.0071,0.0208,21.4,0.03,low
0.001,0.0161,24.6,0.121,low
0.0177,0.046,17.2,0.388,moderate
0.0196,0.025,18.5,0.096,borderline
0.0369,0.0574,18.7,0.479,moderate
0.0094,0.0221,24.6,0.246,low
0.0291,0.0407,18.0,0.6,high
0.0023,0.0129,23.6,0.045,low
0.0366,0.023,19.9,0.334,moderate
0.0149,0.0127,22.1,0.03,low
0.0148,0.0199,22.2,0.178,low
0.0129,0.0095,18.3,0.126,low
0.0475,0.0523,17.7,0.483,high
0.0247,0.0558,19.7,0.269,moderate
0.0212,0.0202,21.6,0.11,borderline
0.0472,0.0527,12.2,0.482,high
0.0327,0.0515,14.1,0.361,high
0.0362,0.0797,8.0,0.521,high
0.013,0.0104,30.0,0.099,low
0.0101,0.0183,25.4,0.109,borderline
0.0143,0.022,17.9,0.195,low
0.0109,0.0067,21.6,0.227,low
0.0213,0.0408,17.9,0.302,moderate
0.0096,0.0237,25.2,0.093,low
0.0184,0.0485,13.8,0.22,moderate
0.0149,0.0245,28.8,0.042,low
0.0502,0.0662,11.2,0.548,high
0.0044,0.0105,28.0,0.119,low
0.0143,0.0276,27.9,0.129,low
0.0337,0.0372,11.0,0.325,moderate
0.037,0.0558,12.4,0.6,high
0.0074,0.005,25.1,0.03,low
0.0247,0.0164,21.0,0.075,low
0.0183,0.0402,20.1,0.467,moderate
0.0497,0.0434,9.7,0.354,high
0.0188,0.0227,30.0,0.139,low
0.014,0.0116,23.0,0.137,low
0.0351,0.0488,16.3,0.382,high
0.0239,0.046,19.2,0.334,moderate
0.0146,0.0151,28.0,0.048,low
0.0309,0.0415,16.7,0.245,moderate
0.0169,0.0458,17.4,0.117,moderate
0.0248,0.0382,13.4,0.296,moderate
0.0258,0.0562,17.1,0.131,moderate
0.0085,0.0141,26.2,0.072,low
0.0176,0.033,15.1,0.435,moderate
0.0076,0.0213,30.0,0.105,low
0.0467,0.0449,13.0,0.238,high
0.0243,0.0429,22.3,0.186,borderline
0.0018,0.0212,28.9,0.08,low
0.0433,0.0866,16.4,0.319,high
0.0224,0.0346,15.9,0.262,moderate
0.0235,0.0436,15.5,0.345,moderate
0.0241,0.0275,18.2,0.321,moderate
0.0027,0.0186,27.3,0.182,low
0.0402,0.043,16.3,0.426,high
0.0358,0.0254,22.1,0.404,moderate
0.023,0.0246,17.4,0.197,moderate
0.0112,0.0231,24.9,0.042,low
0.0172,0.0199,25.9,0.142,low
0.0245,0.0236,19.1,0.374,moderate
0.0178,0.027,24.6,0.278,borderline
0.0122,0.02,27.0,0.201,low
0.0037,0.0235,18.8,0.234,borderline
0.0261,0.0477,24.5,0.277,moderate
0.001,0.0072,22.9,0.138,low
0.0072,0.0198,24.4,0.17,low
0.014,0.0347,17.3,0.151,borderline
0.0152,0.0162,26.5,0.176,low
0.0241,0.0236,13.9,0.254,moderate
0.0214,0.028,10.7,0.302,moderate
0.0526,0.0359,8.0,0.58,high
0.0183,0.0409,17.0,0.25,moderate
0.0187,0.0842,15.9,0.344,high
0.027,0.0402,20.8,0.208,moderate
0.0105,0.0202,30.0,0.09,low
0.0144,0.0256,30.0,0.219,low
0.0179,0.014,26.2,0.031,low
0.0098,0.0288,28.9,0.166,low
0.021,0.0396,19.8,0.159,borderline
0.0104,0.0165,27.7,0.134,low
0.0135,0.0225,19.4,0.304,borderline
0.016,0.0363,20.7,0.08,borderline
0.0259,0.0798,12.5,0.283,high
0.0188,0.0298,25.7,0.305,moderate
0.0221,0.0064,21.4,0.133,low
0.029,0.0306,14.1,0.41,moderate
0.0599,0.0418,8.0,0.457,high
0.0303,0.0276,17.1,0.318,moderate
0.0147,0.0317,17.3,0.236,borderline
0.0158,0.0216,25.9,0.123,low
0.005,0.0242,30.0,0.063,low
0.0392,0.0795,12.0,0.367,high
0.0161,0.0189,18.3,0.188,borderline
0.0062,0.0253,27.6,0.099,low
0.0075,0.0205,26.5,0.137,low
0.0284,0.0311,22.3,0.375,moderate
0.0107,0.0211,18.0,0.081,low
0.034,0.0311,18.0,0.346,moderate
0.0317,0.043,21.7,0.363,moderate
0.0286,0.0489,21.9,0.374,moderate
0.0112,0.0117,22.1,0.162,borderline
0.0055,0.027,21.3,0.092,low
0.0041,0.0272,30.0,0.177,low
0.0314,0.0379,23.3,0.27,moderate
0.0072,0.0127,25.5,0.103,low
0.0146,0.0307,17.2,0.146,borderline
0.0145,0.0203,25.2,0.113,low
0.0055,0.0223,25.4,0.181,low
0.0119,0.0268,17.1,0.216,borderline
0.0119,0.0294,22.2,0.211,borderline
0.0322,0.0363,16.1,0.346,moderate
0.0174,0.032,10.3,0.189,moderate
0.0223,0.0293,17.4,0.269,moderate
0.0203,0.0482,18.3,0.257,moderate
0.0258,0.0637,15.0,0.585,high
0.0227,0.056,20.3,0.306,moderate
0.0326,0.0766,15.4,0.494,high
0.0375,0.0629,9.1,0.529,high
0.0129,0.0347,12.8,0.241,moderate
0.0247,0.0284,23.8,0.263,borderline
0.0136,0.0289,23.8,0.172,low
0.0229,0.0564,10.9,0.279,moderate
0.018,0.0242,17.2,0.063,borderline
0.0387,0.0375,10.8,0.278,moderate
0.0049,0.0112,23.7,0.132,low
0.0332,0.0593,21.0,0.346,moderate
0.0076,0.0295,20.5,0.03,low
0.0014,0.0132,17.7,0.174,low
0.0285,0.0413,17.2,0.366,moderate
0.0268,0.0203,13.7,0.284,borderline
0.0376,0.0865,17.8,0.395,high
0.025,0.0225,20.4,0.068,borderline
0.0279,0.0341,19.3,0.247,moderate
0.0059,0.0101,14.9,0.147,low
0.0331,0.0554,13.8,0.202,high
0.0055,0.0227,19.7,0.043,low
0.0044,0.0317,26.4,0.128,low
0.0238,0.0225,16.5,0.336,borderline
0.0178,0.0119,25.0,0.402,borderline
0.0262,0.0235,22.5,0.342,borderline
0.0338,0.0384,12.7,0.401,high
0.0044,0.0206,29.0,0.079,low
0.0261,0.0385,19.2,0.235,moderate
0.0172,0.029,19.7,0.184,moderate
0.0206,0.0367,10.3,0.335,moderate
0.0108,0.0129,27.6,0.118,low
0.0069,0.0229,19.3,0.13,low
0.018,0.0537,16.6,0.113,moderate
0.0046,0.0163,24.3,0.043,low
0.001,0.0109,20.0,0.03,low
0.001,0.0243,23.8,0.076,low
0.0487,0.0576,17.2,0.399,high
0.0308,0.0132,18.0,0.379,moderate
0.0148,0.0397,24.2,0.18,borderline
0.0229,0.0474,19.9,0.356,moderate
0.0503,0.0631,14.1,0.402,high
0.0197,0.013,19.1,0.267,borderline
0.0226,0.0369,13.6,0.372,moderate
0.0401,0.062,12.3,0.6,high
0.0561,0.0514,8.0,0.409,high
0.001,0.0062,19.8,0.085,low
0.0137,0.0269,26.1,0.154,low
0.0239,0.0337,18.1,0.355,moderate
0.0163,0.0109,24.1,0.265,low
0.0304,0.0466,18.1,0.244,moderate
0.0321,0.0284,18.8,0.101,moderate
0.0433,0.0469,13.5,0.294,high
0.021,0.0317,23.6,0.254,borderline
0.0136,0.0213,19.6,0.03,low
0.0335,0.0292,21.4,0.313,moderate
0.0326,0.0358,17.0,0.317,moderate
0.0307,0.0335,14.4,0.43,moderate
0.0486,0.0822,15.4,0.565,high
0.0151,0.0184,21.8,0.205,borderline
0.0087,0.0109,20.5,0.085,low
0.0102,0.0215,19.6,0.215,borderline
0.012,0.0281,18.1,0.137,borderline
0.0104,0.0266,19.4,0.184,borderline
0.0166,0.0296,24.7,0.175,low
0.0145,0.0251,21.3,0.16,low
0.0058,0.0073,19.3,0.173,low
0.0178,0.0132,21.9,0.062,low
0.0036,0.0099,19.2,0.111,low
0.0278,0.0408,11.0,0.561,high
0.0334,0.0579,14.1,0.443,high
0.0253,0.0466,13.4,0.391,moderate
0.0191,0.0208,12.2,0.202,moderate
0.0232,0.0398,20.8,0.242,moderate
0.0376,0.0375,11.8,0.389,high
0.0141,0.0219,21.2,0.246,borderline
0.0128,0.0377,19.0,0.358,moderate
0.0197,0.0257,23.5,0.268,borderline
0.0145,0.0177,30.0,0.135,low
0.0313,0.0358,9.5,0.321,moderate
0.0045,0.0308,24.6,0.144,low
0.0195,0.0428,10.9,0.269,moderate
0.0201,0.0681,16.6,0.286,moderate
0.0208,0.0221,22.0,0.209,borderline
0.0154,0.0152,21.6,0.147,borderline
0.02,0.0302,16.1,0.156,borderline
0.0186,0.0575,17.1,0.372,moderate
0.0418,0.0502,18.7,0.42,high
0.0279,0.0411,13.1,0.346,moderate
0.0079,0.0272,17.4,0.155,borderline
0.0545,0.0818,12.2,0.506,high
0.0119,0.0311,23.5,0.301,borderline
0.0095,0.0211,25.6,0.133,low
0.0084,0.0205,27.1,0.163,low
0.0093,0.0173,21.0,0.133,low
0.0148,0.0182,20.7,0.03,low
0.0124,0.0152,27.4,0.117,low
0.0378,0.0536,17.2,0.302,high
0.0129,0.0188,22.7,0.198,low
0.0197,0.018,30.0,0.052,low
0.0082,0.0165,17.3,0.084,low
0.0201,0.0287,24.4,0.265,borderline
0.0307,0.0553,8.0,0.371,high
0.0261,0.0506,21.8,0.236,moderate
0.0129,0.0367,16.7,0.398,moderate
0.0031,0.019,29.0,0.03,low
0.0092,0.0129,26.3,0.142,low
0.0194,0.0638,9.4,0.346,moderate
0.0092,0.0245,20.5,0.268,borderline
0.0324,0.0215,19.8,0.354,moderate
0.041,0.0783,12.0,0.419,high
0.0094,0.0156,28.6,0.212,low
0.0029,0.0264,20.1,0.188,low
0.0268,0.0866,8.0,0.528,high
0.0208,0.0176,25.1,0.123,low
0.0294,0.068,14.4,0.566,high
0.0132,0.0514,19.2,0.382,moderate
0.0174,0.0279,15.7,0.218,borderline
0.0256,0.0453,19.9,0.394,moderate
0.0086,0.0105,23.9,0.097,low
0.0068,0.0071,24.3,0.03,low
0.0115,0.0298,23.1,0.179,borderline
0.0105,0.005,30.0,0.18,low
0.0165,0.0184,29.8,0.143,low
0.0151,0.005,21.6,0.195,low
0.0362,0.043,8.0,0.538,high
0.0448,0.0746,11.0,0.49,high
0.0115,0.0142,27.1,0.135,low
0.0096,0.0227,20.7,0.166,low
0.0159,0.0098,19.5,0.181,borderline
0.024,0.0243,18.9,0.151,borderline
0.0348,0.0599,17.7,0.426,high
0.0129,0.01,26.1,0.169,low
0.0109,0.0217,25.7,0.167,low
0.003,0.005,25.2,0.124,low
0.0535,0.0816,11.1,0.416,high
0.0244,0.0268,21.4,0.171,borderline
0.0217,0.0082,27.2,0.114,low
0.0393,0.0544,13.2,0.432,high
0.0153,0.0204,20.9,0.176,low
0.0099,0.0268,23.1,0.274,borderline
0.0153,0.0334,16.4,0.164,moderate
0.0324,0.0861,14.5,0.172,high
0.0059,0.0202,27.6,0.124,low
0.0093,0.0118,21.5,0.086,low
0.0361,0.0269,19.6,0.261,moderate
0.0163,0.0427,12.9,0.382,moderate
0.0126,0.0093,28.5,0.193,low
0.0166,0.0247,24.2,0.103,low
0.0029,0.005,20.2,0.173,low
0.0188,0.0276,21.5,0.167,borderline
0.0213,0.0178,17.9,0.253,moderate
0.039,0.0614,15.0,0.334,high
0.0148,0.0104,14.9,0.169,low
0.0393,0.0489,13.7,0.455,high
0.06,0.0434,9.1,0.55,high
0.0015,0.0215,27.5,0.03,low
0.0246,0.0352,19.1,0.204,borderline
0.0078,0.0214,19.6,0.165,low
0.0195,0.0344,21.6,0.219,borderline
0.0177,0.0307,11.8,0.341,moderate
0.009,0.0172,20.9,0.096,low
0.0091,0.0204,23.7,0.105,low
0.053,0.0417,11.8,0.475,high
0.0077,0.0169,19.6,0.239,borderline
0.0137,0.0145,23.5,0.115,low
0.0338,0.0277,11.2,0.382,moderate
0.0166,0.0234,21.2,0.061,borderline
0.0156,0.029,30.0,0.03,low
0.0242,0.0577,8.6,0.518,high
0.0107,0.0125,27.6,0.227,low
0.0394,0.0522,21.9,0.426,moderate
0.0343,0.0404,15.7,0.422,moderate
0.0312,0.0522,13.3,0.3,moderate
0.0358,0.0422,11.8,0.542,high
0.0054,0.0198,21.3,0.152,low
0.0083,0.0199,25.8,0.048,low
0.0089,0.0141,23.4,0.149,low
0.0295,0.0357,19.6,0.323,moderate
0.0306,0.0424,18.4,0.305,moderate
0.0463,0.0547,14.6,0.456,high
0.0058,0.0219,23.1,0.282,low
0.0099,0.0242,21.9,0.13,low
0.0062,0.005,24.2,0.172,low
0.0091,0.0291,22.2,0.163,low
0.0241,0.031,19.4,0.121,borderline
0.0331,0.0438,17.4,0.369,moderate
0.0381,0.0366,19.5,0.389,moderate
0.0077,0.0251,22.0,0.03,borderline
0.0188,0.0508,22.9,0.285,high
0.0116,0.0056,23.5,0.112,low
0.0264,0.0364,17.9,0.316,borderline
0.0128,0.0464,15.2,0.176,borderline
0.0156,0.0334,14.4,0.22,borderline
0.0487,0.0648,16.1,0.512,high
0.0245,0.042,21.6,0.32,moderate
0.007,0.0158,23.9,0.137,low
0.0523,0.0391,12.0,0.469,high
0.0099,0.0247,16.6,0.148,borderline
0.0047,0.0219,30.0,0.151,low
0.0223,0.0221,26.0,0.1,borderline
0.0488,0.0355,8.0,0.598,high
0.0375,0.0557,18.1,0.489,high
0.0098,0.0089,24.7,0.147,low
0.0154,0.0113,20.7,0.225,low
0.0074,0.0244,21.7,0.17,low
0.022,0.0226,12.5,0.195,moderate
0.0312,0.0265,14.5,0.264,moderate
0.0291,0.0392,10.4,0.579,high
0.0223,0.0484,17.1,0.318,moderate
0.005,0.0137,20.6,0.111,low
0.0137,0.0202,24.3,0.096,low
0.0167,0.0579,18.8,0.279,moderate
0.0328,0.0261,19.4,0.486,moderate
0.0187,0.0351,17.9,0.225,borderline
0.0065,0.0296,16.6,0.166,low
0.0186,0.0106,28.8,0.133,low
0.0354,0.0407,16.2,0.249,high
0.043,0.0616,8.5,0.583,high
0.0181,0.0238,20.2,0.294,moderate
0.0256,0.0442,11.7,0.348,moderate
0.017,0.0097,18.1,0.044,low
0.0062,0.0183,21.3,0.096,low
0.0152,0.009,20.1,0.12,low
0.0335,0.0492,8.0,0.416,high
0.0114,0.0118,22.7,0.163,borderline
0.0181,0.0312,17.1,0.221,borderline
0.0028,0.0178,28.9,0.198,low
0.0113,0.0168,21.3,0.106,low
0.0331,0.0799,18.9,0.555,high
0.0152,0.0219,27.4,0.075,low
0.0104,0.0197,23.0,0.105,low
0.0106,0.0324,30.0,0.115,low
0.0056,0.0198,29.0,0.098,low
0.0083,0.0251,13.9,0.365,borderline
0.0184,0.0249,20.3,0.242,borderline
0.0179,0.0306,20.0,0.175,borderline
0.0144,0.0277,26.9,0.101,low
0.0284,0.0221,13.1,0.346,moderate
0.0433,0.0782,12.5,0.576,high
0.0255,0.006,17.2,0.165,borderline
0.0103,0.0267,15.5,0.265,borderline
0.0204,0.0094,21.7,0.231,low
0.0333,0.0186,10.6,0.309,moderate
0.0282,0.0439,8.1,0.44,high
0.0064,0.0212,20.9,0.195,low
0.0112,0.0327,18.6,0.241,borderline
0.0501,0.0903,10.0,0.336,high
0.0055,0.0109,21.0,0.084,low
0.0155,0.0264,21.3,0.382,moderate
0.0289,0.0657,19.8,0.305,high
0.0152,0.0165,30.0,0.112,low
0.027,0.0227,19.8,0.112,borderline
0.0154,0.0213,16.7,0.185,borderline
0.0099,0.0296,26.7,0.309,borderline
0.021,0.0674,12.8,0.499,high
0.015,0.0256,26.3,0.241,low
0.0274,0.0292,14.6,0.253,moderate
0.019,0.0521,16.6,0.311,moderate
0.008,0.0173,22.1,0.197,low
0.0214,0.0246,17.3,0.176,low
0.0427,0.0545,18.4,0.258,moderate
0.0257,0.0291,19.1,0.3,moderate
0.0035,0.0172,20.9,0.162,low
0.0119,0.0295,18.9,0.09,low
0.0186,0.0117,11.7,0.392,moderate
0.0117,0.0277,22.5,0.111,low
0.018,0.0382,16.8,0.108,borderline
0.0108,0.0547,15.7,0.276,moderate
0.0311,0.038,12.5,0.436,moderate
0.0331,0.0258,20.4,0.263,moderate
0.0061,0.0141,21.7,0.185,low
0.0119,0.0367,15.2,0.083,borderline
0.0136,0.005,21.8,0.128,low
0.0118,0.009,21.9,0.095,low
0.001,0.005,21.8,0.044,low
0.0066,0.0244,28.8,0.179,low
0.014,0.0225,22.7,0.104,low
0.0042,0.0253,22.3,0.074,low
0.0036,0.0107,18.1,0.192,low
0.017,0.022,18.2,0.209,borderline
0.0536,0.0893,17.5,0.297,high
0.0136,0.0314,18.5,0.171,borderline
0.0457,0.0693,13.6,0.439,high
0.0146,0.0207,28.5,0.234,low
0.0241,0.0175,20.2,0.151,borderline
0.0041,0.0129,24.1,0.12,low
0.0028,0.0279,17.3,0.282,low
0.0407,0.0566,10.7,0.547,high
0.0067,0.0291,19.5,0.171,borderline
0.0366,0.0466,16.1,0.401,moderate
0.0153,0.0168,24.0,0.119,low
0.032,0.043,14.2,0.182,moderate
0.0179,0.0292,20.4,0.301,moderate
0.0053,0.0104,24.6,0.086,low
0.0259,0.0784,13.7,0.387,high
0.0143,0.0236,28.3,0.138,low
0.0106,0.0134,23.0,0.182,low
0.0076,0.0478,18.3,0.206,borderline
0.0228,0.0279,19.2,0.03,borderline
0.0282,0.0299,12.4,0.09,moderate
0.0114,0.0285,28.4,0.072,low
0.0146,0.0273,22.3,0.082,low
0.0291,0.0411,22.5,0.274,moderate
0.004,0.0308,19.9,0.14,low
0.0355,0.0918,14.4,0.321,high
0.0032,0.0109,22.0,0.065,low
0.0133,0.017,28.9,0.116,low
0.0221,0.0348,11.1,0.384,moderate
0.0213,0.0628,11.4,0.271,moderate
0.0553,0.0592,10.3,0.521,high
0.0197,0.0195,22.4,0.173,borderline
0.0181,0.0243,20.7,0.163,borderline
0.0479,0.0768,14.3,0.32,high
0.0107,0.0209,28.7,0.082,low
0.0169,0.0502,15.8,0.336,moderate
0.0234,0.0335,14.1,0.308,borderline
0.0218,0.0964,15.1,0.457,high
0.0498,0.0989,18.6,0.447,high
0.001,0.0145,21.3,0.03,low
0.0104,0.0183,25.0,0.126,low
0.0112,0.0172,28.5,0.174,low
0.0147,0.0098,20.4,0.147,low
0.0271,0.0763,8.0,0.263,high
0.0366,0.0834,10.0,0.318,high
0.0444,0.0781,11.6,0.403,high
0.0404,0.0408,8.6,0.43,high
0.0113,0.005,26.9,0.138,low
0.0304,0.0834,13.8,0.484,high
0.0177,0.0212,25.3,0.253,borderline
0.0161,0.0257,19.8,0.126,low
0.003,0.008,25.8,0.144,low
0.0317,0.035,18.0,0.476,moderate
0.0343,0.0332,16.0,0.277,moderate
0.0117,0.0231,28.3,0.103,low
0.0203,0.0418,17.1,0.147,moderate
0.0203,0.0154,16.5,0.251,borderline
0.0299,0.0519,8.0,0.469,high
0.0042,0.0232,26.9,0.156,low
0.0286,0.0385,15.3,0.511,moderate
0.0107,0.0079,27.5,0.219,low
0.0503,0.0526,11.8,0.354,high
0.0188,0.0366,18.8,0.188,borderline
0.04,0.0775,16.9,0.287,high
0.021,0.0324,16.6,0.202,moderate
0.0232,0.0195,24.6,0.072,borderline
0.0335,0.0558,13.3,0.6,high
0.0083,0.005,19.8,0.137,low
0.003,0.032,30.0,0.05,low
0.0281,0.0462,12.9,0.478,high
0.0108,0.0064,30.0,0.056,low
0.02,0.0202,24.4,0.083,low
0.0405,0.0958,12.0,0.551,high
0.0191,0.0164,30.0,0.244,low
0.0345,0.0394,15.2,0.478,high
0.0253,0.0542,16.9,0.367,moderate
0.0071,0.0169,27.7,0.123,low
0.002,0.0167,20.4,0.16,low
0.0078,0.0274,21.4,0.098,low
0.0172,0.0376,20.3,0.058,borderline
0.0269,0.0283,12.6,0.194,moderate
0.012,0.0151,26.1,0.123,low
0.0349,0.0624,17.1,0.6,high
0.0444,0.079,20.1,0.377,high
0.0143,0.0148,29.8,0.057,low
0.0546,0.0776,20.1,0.511,high
0.0163,0.0174,28.8,0.137,low
0.0486,0.0673,13.9,0.566,high
0.0152,0.053,18.8,0.228,moderate
0.0357,0.0464,16.4,0.082,moderate
0.0137,0.0385,12.5,0.276,moderate
0.023,0.0409,18.1,0.239,moderate
0.0274,0.0708,11.8,0.473,high
0.0382,0.0156,18.8,0.136,moderate
0.0332,0.0553,14.2,0.5,high
0.018,0.0204,24.0,0.116,borderline
0.0586,0.05,9.6,0.304,high
0.0169,0.0123,21.5,0.109,low
0.0114,0.0289,15.1,0.182,borderline
0.0237,0.0425,19.3,0.368,moderate
0.0205,0.0232,22.7,0.168,borderline
0.0393,0.0467,18.7,0.378,high
0.0171,0.031,8.1,0.163,borderline
0.0244,0.005,16.2,0.287,borderline
0.0025,0.0269,19.9,0.275,low
0.0303,0.0992,11.4,0.586,high
0.0245,0.0666,16.2,0.393,high
0.0119,0.0145,20.5,0.153,low
0.0262,0.0277,16.7,0.217,moderate
0.033,0.0268,22.6,0.232,moderate
0.0514,0.0554,16.2,0.475,high
0.0109,0.0144,26.9,0.188,low
0.0184,0.0492,18.8,0.273,moderate
0.0197,0.0423,14.3,0.313,moderate
0.001,0.0083,27.3,0.229,low
0.0346,0.0693,15.8,0.457,high
0.0154,0.0249,15.9,0.31,moderate
0.007,0.0114,29.9,0.134,low
0.0064,0.0263,18.1,0.134,low
0.0117,0.0304,25.6,0.116,low
0.045,0.0455,10.4,0.497,high
0.008,0.0201,27.0,0.09,low
0.0245,0.0337,12.5,0.346,high
0.0277,0.0246,17.5,0.43,moderate
0.0376,0.0752,10.6,0.404,high
0.005,0.0293,19.2,0.192,low
0.01,0.0216,20.3,0.159,borderline
0.0444,0.07,10.5,0.402,high
0.0141,0.024,22.9,0.165,borderline
0.0079,0.0227,24.8,0.069,low
0.0013,0.0286,27.3,0.184,low
0.0206,0.0222,20.2,0.239,moderate
0.0273,0.0287,13.8,0.136,borderline
0.0262,0.0667,16.7,0.415,high
0.0133,0.0082,22.7,0.162,borderline
0.0135,0.0353,17.5,0.301,moderate
0.0454,0.0521,16.1,0.526,high
0.0236,0.0257,18.6,0.081,low
0.0072,0.0086,30.0,0.177,low
0.0477,0.09,12.0,0.343,high
0.009,0.0142,23.7,0.06,low
0.0464,0.0284,11.4,0.6,high
0.0308,0.0468,20.0,0.368,moderate
0.0172,0.0519,16.2,0.382,moderate
0.0063,0.0315,20.6,0.09,low
0.0126,0.0287,20.9,0.082,low
0.0107,0.0127,14.7,0.03,low
0.025,0.073,18.8,0.406,high
0.0362,0.0869,8.6,0.28,high
0.0246,0.013,24.2,0.1,low
0.044,0.0405,21.4,0.6,high
0.0175,0.0227,17.2,0.229,borderline
0.0112,0.0258,19.5,0.069,low
0.0434,0.0591,14.0,0.504,high
0.0223,0.0581,12.8,0.29,moderate
0.009,0.0194,22.0,0.115,low
0.0557,0.0628,8.0,0.381,high
0.0365,0.0609,11.2,0.365,high
0.0152,0.0245,27.1,0.189,low
0.0147,0.0097,15.6,0.29,borderline
0.0367,0.052,13.8,0.457,high
0.0067,0.0143,21.9,0.03,low
0.0269,0.0476,15.9,0.176,moderate
0.0126,0.0168,27.1,0.09,low
0.034,0.0356,14.7,0.422,moderate
0.001,0.0234,30.0,0.05,low
0.0172,0.0289,26.0,0.186,moderate
0.0267,0.0195,17.4,0.251,moderate
0.0112,0.0149,25.0,0.192,low
0.0067,0.0229,29.3,0.191,low
0.0093,0.0096,27.8,0.167,low
0.0219,0.0318,21.3,0.203,moderate
0.0161,0.0382,13.9,0.254,borderline
0.001,0.029,28.0,0.079,low
0.0259,0.0852,13.6,0.396,high
0.0221,0.0139,18.0,0.199,borderline
0.0077,0.0215,27.7,0.118,low
0.0042,0.0315,26.3,0.227,low
0.0526,0.0507,17.4,0.452,high
0.0061,0.0243,26.4,0.087,low
0.0036,0.0167,29.5,0.075,low
0.0318,0.047,22.1,0.192,moderate
0.0042,0.0146,19.9,0.115,low
0.0226,0.0377,11.1,0.227,moderate
0.0208,0.0248,18.9,0.058,borderline
0.016,0.0142,29.5,0.109,low
0.0361,0.0298,15.4,0.269,moderate
0.0462,0.0793,20.6,0.446,high
0.0239,0.0681,11.3,0.363,high
0.034,0.0729,15.3,0.499,high
0.0532,0.0422,11.5,0.398,high
0.0154,0.0286,13.6,0.358,moderate
0.0415,0.0886,8.6,0.418,high
0.0253,0.0499,14.5,0.332,moderate
0.0148,0.0116,29.0,0.03,low
0.0505,0.045,8.0,0.423,high
0.0287,0.0189,16.1,0.279,borderline
0.0264,0.0354,17.4,0.343,moderate
0.0055,0.0223,15.4,0.03,low
0.0035,0.0186,28.5,0.083,low
0.001,0.005,23.6,0.099,low
0.0059,0.0191,22.1,0.246,low
0.0113,0.0076,29.9,0.197,low
0.0438,0.0756,13.1,0.256,high
0.0045,0.0325,26.3,0.124,borderline
0.0364,0.0648,9.9,0.395,high
0.0433,0.0466,12.0,0.427,high
0.0391,0.0885,10.3,0.455,high
0.0217,0.0403,16.3,0.444,moderate
0.0249,0.0593,13.5,0.3,moderate
0.0306,0.0401,12.2,0.276,moderate
0.0179,0.0386,19.7,0.4,moderate
0.022,0.0633,13.5,0.23,high
0.0053,0.0071,24.8,0.03,low
0.0219,0.0545,20.9,0.237,moderate
0.0245,0.0441,15.0,0.378,moderate
0.0406,0.0828,18.1,0.533,high
0.014,0.0247,19.0,0.283,moderate
0.0314,0.083,16.9,0.595,high
0.0536,0.058,18.4,0.485,high
0.0466,0.093,14.2,0.187,high
0.0303,0.0271,15.3,0.214,moderate
0.0145,0.0229,24.0,0.16,low
0.0477,0.0962,12.2,0.489,high
0.0221,0.0424,17.6,0.228,moderate
0.0448,0.0955,17.7,0.308,high
0.0423,0.0502,13.5,0.352,high
0.0023,0.0275,26.3,0.18,low
0.001,0.0354,23.1,0.053,low
0.0259,0.0344,17.8,0.398,moderate
0.0167,0.0355,15.7,0.321,moderate
0.0054,0.0165,28.8,0.187,low
0.0245,0.0442,14.9,0.355,moderate
0.0211,0.0237,18.1,0.259,moderate
0.0165,0.0117,13.1,0.245,borderline
0.0082,0.005,26.3,0.116,low
0.009,0.005,18.8,0.03,low
0.0276,0.051,21.4,0.289,moderate
0.0289,0.035,15.8,0.252,moderate
0.0309,0.0174,23.5,0.329,moderate
0.0302,0.0378,22.7,0.275,moderate
0.0485,0.0508,11.1,0.368,high
0.0282,0.0257,17.1,0.377,moderate
0.0217,0.0465,15.5,0.384,moderate
0.0379,0.0367,16.0,0.307,moderate
0.0271,0.0551,12.6,0.339,moderate
0.0424,0.0545,19.0,0.266,high
0.0408,0.027,16.7,0.46,moderate
0.0436,0.0853,14.3,0.252,high
0.0448,0.0444,8.7,0.33,high
0.0483,0.0848,13.1,0.312,high
0.034,0.039,13.5,0.247,high
0.0034,0.0224,30.0,0.031,low
0.0129,0.0238,27.4,0.072,low
0.0163,0.0223,18.4,0.155,borderline
0.0499,0.0826,22.7,0.585,high
0.001,0.0141,22.5,0.053,low
0.0047,0.017,21.6,0.123,low
0.0079,0.0272,23.9,0.03,low
0.0392,0.0578,20.8,0.117,moderate
0.0343,0.0617,20.8,0.375,moderate
0.0379,0.0589,9.3,0.357,high
0.0182,0.0519,15.2,0.438,moderate
0.0104,0.005,23.7,0.133,low
0.0161,0.0442,21.5,0.167,borderline
0.0069,0.0242,21.6,0.079,low
0.0246,0.0294,16.6,0.339,moderate
0.0379,0.0445,15.3,0.367,high
0.0039,0.016,26.5,0.04,low
0.035,0.0614,12.9,0.35,high
0.0241,0.0429,14.7,0.259,moderate
0.0114,0.0194,28.5,0.068,low
0.0349,0.0351,20.5,0.242,high
0.0137,0.0145,29.6,0.135,low
0.0028,0.0343,26.0,0.191,borderline
0.0212,0.0228,29.3,0.105,low
0.0176,0.0338,14.1,0.311,moderate
0.0152,0.0255,28.4,0.162,low
0.0228,0.0222,21.6,0.135,borderline
0.0385,0.0499,20.0,0.347,moderate
0.0348,0.0445,9.3,0.468,high
0.0133,0.0497,12.8,0.232,moderate
0.0243,0.024,20.6,0.151,borderline
0.0141,0.0268,20.7,0.438,moderate
0.0167,0.0308,22.9,0.186,borderline
0.0126,0.0158,23.6,0.108,low
0.0238,0.0254,21.7,0.03,low
0.012,0.0204,21.1,0.046,low
0.0211,0.0279,17.7,0.226,borderline
0.0183,0.0091,30.0,0.09,low
0.0051,0.0222,25.4,0.03,low
0.049,0.0638,20.8,0.383,high
0.0299,0.0267,16.1,0.213,moderate
0.0151,0.0128,22.1,0.175,borderline
0.0461,0.0524,20.0,0.6,high
0.0105,0.0062,28.0,0.194,low
0.0394,0.0714,15.7,0.42,high
0.0096,0.0271,21.2,0.12,low
0.0451,0.077,10.9,0.355,high
0.0198,0.0238,19.0,0.104,borderline
0.0243,0.0311,12.1,0.242,moderate
0.0058,0.0183,22.3,0.18,low
0.0066,0.0214,19.8,0.03,low
0.017,0.0109,28.5,0.063,low
0.0192,0.0211,15.9,0.136,borderline
0.0356,0.0431,12.4,0.542,high
0.0166,0.0305,14.2,0.323,moderate
0.0096,0.018,21.3,0.039,low
0.0112,0.0098,20.8,0.198,low
0.0159,0.03,16.6,0.208,borderline
0.0177,0.0367,23.6,0.17,borderline
0.0114,0.022,20.3,0.226,borderline
0.0089,0.0134,20.2,0.232,low
0.0125,0.0271,26.0,0.221,low
0.011,0.005,23.8,0.133,low
0.0096,0.0219,18.1,0.074,borderline
0.0163,0.0335,25.4,0.03,low
0.0093,0.0433,16.0,0.323,borderline
0.0115,0.0167,18.2,0.169,low
0.0299,0.0285,19.8,0.191,moderate
0.025,0.0376,12.7,0.6,high
0.0113,0.0212,20.8,0.123,low
0.0152,0.0096,30.0,0.218,low
0.0205,0.0197,30.0,0.168,low
0.0485,0.0426,17.7,0.478,high
0.0165,0.019,26.9,0.04,low
0.0067,0.0279,15.0,0.095,low
0.0191,0.0547,9.9,0.364,moderate
0.0199,0.0565,15.6,0.342,moderate
0.02,0.0403,16.6,0.109,borderline
0.0134,0.0143,9.3,0.247,moderate
0.001,0.0105,25.2,0.03,low
0.0259,0.0218,20.5,0.336,moderate
0.0213,0.0409,13.4,0.405,moderate
0.0124,0.0125,21.7,0.097,low
0.03,0.0971,8.3,0.561,high
0.0165,0.0138,16.9,0.139,low
0.0448,0.0359,8.0,0.239,high
0.001,0.0293,28.9,0.21,low
0.0244,0.0422,15.9,0.574,moderate
0.0088,0.0351,17.4,0.037,borderline
0.001,0.0143,20.9,0.092,low
0.001,0.0207,27.2,0.184,low
0.0112,0.023,23.7,0.213,low
0.0135,0.005,25.4,0.035,low
0.0058,0.0235,15.5,0.03,low
0.001,0.0283,28.7,0.082,low
0.0127,0.026,20.7,0.03,borderline
0.0097,0.0136,22.3,0.246,borderline
0.0106,0.011,30.0,0.03,low
0.0426,0.0659,11.2,0.428,high
0.0012,0.0107,26.8,0.132,low
0.0428,0.0618,17.2,0.578,high
0.0114,0.0114,22.4,0.164,low
0.0448,0.0813,16.3,0.536,high
0.0232,0.0155,18.5,0.197,borderline
0.0394,0.0359,15.8,0.37,moderate
0.0403,0.0521,10.6,0.358,high
0.0239,0.0397,12.3,0.359,moderate
0.001,0.0103,18.1,0.068,low
0.0446,0.0843,16.7,0.464,high
0.0139,0.0342,19.1,0.133,borderline
0.06,0.0756,12.7,0.497,high
0.0101,0.0117,30.0,0.187,low
0.0187,0.0203,21.2,0.202,borderline
0.006,0.0222,18.0,0.247,low
0.0103,0.009,19.3,0.133,low
0.0292,0.0327,12.4,0.192,moderate
0.0077,0.005,27.5,0.057,low
0.0147,0.0181,28.1,0.079,low
0.001,0.0257,28.6,0.175,low
0.0244,0.0638,19.1,0.189,moderate
0.0459,0.0491,15.6,0.528,high
0.036,0.0294,10.5,0.42,high
0.015,0.0452,17.8,0.188,moderate
0.0184,0.0245,27.0,0.092,low
0.0093,0.0518,15.8,0.382,moderate
0.0184,0.0212,24.3,0.054,borderline
0.024,0.0112,19.0,0.313,borderline
0.0277,0.0417,18.8,0.41,moderate
0.0552,0.0389,9.8,0.561,high
0.0235,0.0216,19.0,0.27,moderate
0.017,0.0681,10.3,0.3,moderate
0.0107,0.0129,15.5,0.187,low
0.0097,0.0085,20.2,0.252,low
0.0028,0.0302,20.3,0.179,low
0.0076,0.0122,25.1,0.092,low
0.0278,0.0347,14.8,0.341,moderate
0.0226,0.0656,16.6,0.453,moderate
0.0486,0.0522,10.2,0.485,high
0.0313,0.0334,19.8,0.304,moderate
0.0081,0.0206,20.6,0.109,low
0.0292,0.0242,18.7,0.399,moderate
0.0218,0.0141,25.3,0.152,borderline
0.0131,0.0147,23.5,0.031,low
0.0264,0.0337,20.6,0.407,moderate
0.0094,0.0189,24.5,0.069,low
0.0163,0.0196,24.2,0.106,low
0.0175,0.0166,29.7,0.074,low
0.0028,0.0054,22.0,0.24,low
0.0077,0.0142,22.1,0.14,low
0.0028,0.0118,23.8,0.165,low
0.0302,0.05,16.3,0.291,moderate
0.0147,0.0191,20.8,0.058,low
0.0155,0.0163,19.1,0.194,borderline
0.0055,0.0325,25.1,0.053,low
0.0102,0.0182,26.6,0.043,low
0.0333,0.0633,16.2,0.314,high
0.0292,0.0438,20.3,0.253,moderate
0.0178,0.0428,26.5,0.395,moderate
0.0325,0.0352,23.3,0.3,moderate
0.0202,0.0221,19.1,0.201,borderline
0.0338,0.0345,20.7,0.433,moderate
0.0189,0.0364,13.6,0.277,moderate
0.0409,0.0808,16.3,0.33,high
0.0139,0.0142,24.0,0.153,low
0.0418,0.0783,10.9,0.343,high
0.0054,0.0083,28.3,0.129,low
0.022,0.0237,22.9,0.083,borderline
0.0145,0.0186,19.7,0.25,low
0.0396,0.0456,10.0,0.538,high
0.0117,0.0179,24.1,0.345,borderline
0.0046,0.005,22.0,0.03,low
0.0266,0.0395,17.0,0.336,moderate
0.0246,0.0424,13.4,0.548,high
0.0101,0.0249,17.9,0.163,low
0.0185,0.0311,21.1,0.196,borderline
0.001,0.0229,19.0,0.106,low
0.0339,0.0275,14.6,0.486,moderate
0.0083,0.0163,19.1,0.146,borderline
0.0073,0.0163,27.9,0.03,low
0.0101,0.019,25.0,0.191,low
0.0086,0.0086,28.4,0.099,low
0.0434,0.0229,19.9,0.333,moderate
0.0064,0.0177,24.4,0.169,low
0.0302,0.0394,16.2,0.358,moderate
0.0118,0.0062,21.9,0.145,low
0.0259,0.0291,22.3,0.163,borderline
0.0277,0.0557,18.5,0.234,moderate
0.0075,0.0058,22.5,0.131,low
0.0144,0.0273,15.2,0.278,borderline
0.0302,0.0271,21.1,0.227,moderate
0.0314,0.0278,12.9,0.271,moderate
0.0091,0.0134,24.3,0.222,low
0.011,0.0148,24.8,0.046,low
0.0234,0.0314,22.9,0.477,moderate
0.0196,0.0611,8.0,0.399,high
0.0182,0.0237,28.4,0.187,low
0.0213,0.0685,15.1,0.466,high
0.0148,0.0194,18.5,0.192,borderline
0.026,0.0384,20.1,0.18,moderate
0.0318,0.0661,20.1,0.321,moderate
0.007,0.014,24.1,0.273,low
0.0377,0.0352,20.0,0.423,moderate
0.001,0.031,27.4,0.039,low
0.0302,0.0224,20.6,0.351,moderate
0.0144,0.0181,24.1,0.178,low
0.0107,0.0321,30.0,0.156,low
0.0421,0.0551,9.7,0.569,high
0.0112,0.0383,18.6,0.177,borderline
0.023,0.0772,13.1,0.6,high
0.0143,0.0341,23.4,0.136,borderline
0.022,0.0514,15.1,0.186,moderate
0.0202,0.0407,19.7,0.263,moderate
0.021,0.0297,22.8,0.143,borderline
0.0406,0.0481,19.2,0.127,moderate
0.0268,0.0331,13.3,0.205,moderate
